,article,qid,category,article_age,incoming_links,num_editors,outgoing_links,page_size,total_pageviews,total_revisions,total_translations,unique_days_viewed
0,1977_NestlÃ©_boycott,Q1498774,Low-importance,0.0,0.0,0.0,0.0,0.0,27259.0,0.0,0.0,74.0
1,2007_tuberculosis_scare,Q4609852,Low-importance,6771.0,41.0,291.0,83.0,16565.0,550.0,16565.0,0.0,1.0
2,2011_United_States_listeriosis_outbreak,Q4622783,Low-importance,5190.0,228.0,85.0,305.0,23708.0,871.0,23708.0,1.0,4.0
3,2014_California_Proposition_46,Q119129906,Low-importance,936.0,957.0,11.0,1046.0,5373.0,153.0,5373.0,1.0,1.0
4,24_Hour_Fitness,Q4631849,Low-importance,7116.0,88.0,484.0,88.0,21019.0,1122.0,21019.0,0.0,7.0
5,996_working_hour_system,Q62568684,High-importance,2448.0,418.0,192.0,754.0,54254.0,187186.0,54254.0,32.0,501.0
6,A_Letter_to_Liberals,Q119154027,Low-importance,920.0,22.0,42.0,64.0,4582.0,104385.0,4582.0,0.0,357.0
8,Acadia_Healthcare,Q28407181,Low-importance,383.0,113.0,1.0,5.0,76.0,146.0,76.0,0.0,1.0
9,Activity_tracker,Q16001686,Low-importance,2769.0,6.0,1.0,7.0,54.0,3590.0,54.0,0.0,608.0
10,Acute_alcohol_poisoning,Q205972,Mid-importance,5507.0,89.0,202.0,131.0,29685.0,98.0,29685.0,3.0,1.0
12,AdvoCare,Q4686868,Low-importance,0.0,0.0,0.0,0.0,0.0,2327.0,0.0,0.0,6.0
13,Aerobic_exercise,Q1152037,Mid-importance,8505.0,364.0,553.0,431.0,73747.0,120214.0,73747.0,12.0,466.0
15,AerolÃ­neas_Argentinas_Flight_386,Q4688296,Low-importance,2703.0,482.0,230.0,810.0,96887.0,170069.0,96887.0,5.0,132.0
16,Aetna,Q26049,Low-importance,521.0,390.0,277.0,770.0,119782.0,84601.0,119782.0,6.0,146.0
17,Affordable_Care_Act,Q1414593,Mid-importance,8658.0,899.0,1819.0,774.0,98926.0,88738.0,98926.0,66.0,475.0
18,Age_and_health_concerns_about_Donald_Trump,Q129155144,High-importance,7042.0,700.0,1017.0,1208.0,138446.0,3829.0,138446.0,18.0,34.0
19,Age_and_health_concerns_about_Joe_Biden,Q123080564,Low-importance,7111.0,48.0,3.0,14.0,89.0,738.0,89.0,0.0,600.0
20,Ageing,Q332154,High-importance,8631.0,2932.0,4362.0,1702.0,172421.0,177584.0,172421.0,93.0,600.0
21,Agriculture_in_India,Q3351245,Mid-importance,7051.0,4.0,41.0,40.0,4319.0,689.0,4319.0,1.0,1.0
22,Air_pollutants,Q131123,High-importance,8842.0,4017.0,1857.0,1182.0,36321.0,68048.0,36321.0,133.0,453.0
23,Air_pollution,Q131123,High-importance,8804.0,1131.0,2263.0,692.0,52162.0,246059.0,52162.0,54.0,608.0
24,Alan_Smith_(physiotherapist),Q4707786,Low-importance,8758.0,2691.0,3417.0,1471.0,87130.0,304104.0,87130.0,114.0,715.0
25,Alcohol_(chemistry),Q156,Mid-importance,7301.0,470.0,423.0,740.0,76683.0,69385.0,76683.0,23.0,260.0
26,Alcohol_intoxication,Q205972,Mid-importance,653.0,36.0,4.0,100.0,4652.0,936.0,4652.0,0.0,5.0
27,Alcoholic_beverage,Q154,Mid-importance,7406.0,927.0,494.0,368.0,23464.0,24242.0,23464.0,15.0,207.0
28,Alex_Azar,Q4716651,Low-importance,1998.0,4.0,42.0,36.0,6985.0,41692.0,6985.0,0.0,152.0
29,Alison_Beam,Q124692782,Low-importance,940.0,6.0,1.0,5.0,91.0,13534.0,91.0,0.0,152.0
30,Allied_health_professions,Q349843,Low-importance,3203.0,218.0,308.0,626.0,160887.0,38162.0,160887.0,4.0,181.0
31,Ally_Love_(fitness_instructor),Q96742379,Low-importance,7044.0,3.0,2.0,1.0,45.0,230.0,45.0,0.0,482.0
32,Ally_Love_(sports_host),Q96742379,Low-importance,364.0,3.0,1.0,1.0,51.0,3597.0,51.0,0.0,124.0
33,American_Health_Care_Act_of_2017,Q28908528,Low-importance,371.0,0.0,1.0,1.0,51.0,5857.0,51.0,0.0,124.0
34,American_health_care_system,Q1358017,Mid-importance,2014.0,6.0,2.0,1.0,45.0,808.0,45.0,0.0,482.0
35,American_health_insurance,Q5691099,High-importance,3660.0,6.0,113.0,33.0,4970.0,1651.0,4970.0,11.0,12.0
36,American_health_insurance_system,Q5691099,High-importance,7794.0,116.0,682.0,136.0,10921.0,39932.0,10921.0,24.0,301.0
37,American_healthcare_system,Q1358017,Mid-importance,6806.0,168.0,667.0,306.0,26750.0,29740.0,26750.0,12.0,257.0
38,An_apple_a_day_keeps_the_doctor_away,Q482536,Low-importance,7549.0,38.0,203.0,80.0,9989.0,28656.0,9989.0,17.0,240.0
39,Anaerobic_exercise,Q483866,High-importance,1513.0,247.0,71.0,142.0,26778.0,413.0,26778.0,0.0,2.0
40,Anal_hygiene,Q484807,Low-importance,7061.0,131.0,421.0,328.0,81266.0,94.0,81266.0,25.0,1.0
41,Anaphrodisiac,Q486061,Low-importance,3194.0,4.0,29.0,32.0,5787.0,1135.0,5787.0,0.0,5.0
42,Andrea_Baccarelli,Q41470166,Low-importance,0.0,0.0,0.0,0.0,0.0,3853.0,0.0,0.0,10.0
44,Animal-assisted_therapy,Q606591,Low-importance,8538.0,728.0,567.0,485.0,18315.0,36236.0,18315.0,53.0,308.0
45,Anna_Kaiser,Q36750100,Low-importance,5704.0,41.0,188.0,83.0,18642.0,7476.0,18642.0,3.0,50.0
46,AnnÃ­e_Mist_ÃÃ³risdÃ³ttir,Q16154216,Low-importance,7374.0,1567.0,471.0,414.0,34943.0,331.0,34943.0,11.0,3.0
48,Anthropometry,Q6656244,Low-importance,7430.0,5.0,89.0,71.0,13325.0,8919.0,13325.0,2.0,64.0
49,Antiseptic,Q274493,Mid-importance,7848.0,47.0,190.0,34.0,6788.0,95786.0,6788.0,7.0,436.0
50,Anytime_Fitness,Q4778364,Low-importance,3894.0,35.0,51.0,174.0,34800.0,968.0,34800.0,0.0,5.0
51,Apollo_Hospitals,Q4780321,Mid-importance,7900.0,1376.0,565.0,1263.0,92198.0,109146.0,92198.0,51.0,474.0
52,Aquafresh,Q17006249,Mid-importance,2089.0,42.0,85.0,239.0,43664.0,51959.0,43664.0,3.0,279.0
53,Aquaphor,Q4782724,Low-importance,5054.0,18.0,938.0,728.0,167046.0,1345672.0,167046.0,9.0,731.0
54,Arm_&_Hammer,Q4792455,Low-importance,4138.0,7.0,78.0,293.0,10679.0,343.0,10679.0,13.0,2.0
56,Artistic_gymnastics_in_the_United_States,Q19872602,Low-importance,2797.0,376.0,322.0,301.0,44639.0,352.0,44639.0,5.0,3.0
57,Asana,Q466797,Mid-importance,801.0,22.0,1.0,6.0,65.0,188893.0,65.0,0.0,695.0
58,Ascension_(healthcare_system),Q96372437,Low-importance,7918.0,1290.0,408.0,1404.0,29443.0,19998.0,29443.0,36.0,184.0
60,Average_human_height_by_country,Q16128414,Low-importance,2411.0,7.0,28.0,39.0,10531.0,457.0,10531.0,0.0,3.0
61,Aversion_to_happiness,Q18209757,Low-importance,5988.0,5.0,63.0,71.0,5979.0,2839.0,5979.0,0.0,15.0
62,Awareness_ribbon,Q153524,Mid-importance,6121.0,153.0,147.0,105.0,23422.0,7444.0,23422.0,2.0,59.0
63,Ayushman_Bharat_Yojana,Q55604588,Mid-importance,7338.0,45.0,239.0,99.0,21437.0,5446.0,21437.0,1.0,39.0
64,Aziz_Shavershian,Q2618609,Mid-importance,5730.0,118.0,397.0,197.0,15494.0,102262.0,15494.0,20.0,423.0
65,B._K._S._Iyengar,Q557185,Mid-importance,7219.0,525.0,942.0,422.0,21196.0,731333.0,21196.0,16.0,731.0
66,BP-5_Compact_Food,Q796874,Low-importance,7747.0,125.0,360.0,75.0,24830.0,3890.0,24830.0,26.0,32.0
67,Baby2Baby,Q65068378,Low-importance,7707.0,222.0,1207.0,640.0,92606.0,10444.0,92606.0,29.0,90.0
68,Bain_de_Soleil,Q4848521,Mid-importance,7017.0,38.0,323.0,79.0,9774.0,500.0,9774.0,12.0,5.0
69,Bally_Manufacturing,Q4851974,Low-importance,8533.0,504.0,389.0,487.0,30403.0,29107.0,30403.0,13.0,260.0
70,Bally_Total_Fitness,Q4851976,Low-importance,1597.0,35.0,77.0,40.0,6928.0,333.0,6928.0,0.0,2.0
71,Banana_equivalent_dose,Q2630196,Low-importance,7635.0,113.0,262.0,158.0,16648.0,317.0,16648.0,30.0,3.0
72,Barbara_Bush_(born_1981),Q153730,Low-importance,7889.0,606.0,1132.0,155.0,23931.0,45684.0,23931.0,33.0,355.0
73,Barbell,Q1043897,Mid-importance,2038.0,6.0,115.0,150.0,28567.0,364.0,28567.0,2.0,3.0
74,Barefoot,Q808132,Low-importance,7825.0,421.0,430.0,107.0,29861.0,6457.0,29861.0,25.0,47.0
77,Bath_salts,Q798972,Low-importance,7933.0,73.0,554.0,147.0,21424.0,109541.0,21424.0,19.0,475.0
78,Bausch_&_Lomb,Q811857,Low-importance,1598.0,3.0,22.0,88.0,19008.0,16281.0,19008.0,0.0,29.0
79,Baylor_Scott_&_White_Health,Q41568258,Low-importance,5023.0,2.0,42.0,33.0,4774.0,98.0,4774.0,1.0,1.0
80,Beiersdorf,Q201691,Low-importance,3908.0,7.0,34.0,52.0,5934.0,252.0,5934.0,2.0,1.0
81,Bench_press,Q14093,Low-importance,7462.0,251.0,330.0,274.0,26196.0,23778.0,26196.0,6.0,216.0
82,Benefits_of_physical_activity,Q97358163,Low-importance,6540.0,57.0,2.0,1.0,48.0,3315.0,48.0,0.0,527.0
83,Best_practice,Q830382,Mid-importance,7299.0,378.0,512.0,295.0,53246.0,210760.0,53246.0,2.0,527.0
84,Better_Access_Scheme,Q65075797,Low-importance,1486.0,29.0,1.0,5.0,70.0,87700.0,70.0,0.0,647.0
85,Bicep_curl,Q3073715,Low-importance,6797.0,3.0,2.0,1.0,23.0,4364.0,23.0,0.0,647.0
87,Billy_Blanks,Q863030,Low-importance,7098.0,0.0,1.0,1.0,21.0,330.0,21.0,0.0,622.0
88,Billy_Blanks_Jr.,Q107987204,Low-importance,447.0,58.0,21.0,160.0,15370.0,2836.0,15370.0,2.0,20.0
89,Binaca_(Indian_brand),Q4913816,Low-importance,3590.0,107.0,89.0,46.0,6117.0,2119.0,6117.0,22.0,4.0
91,Bliss_point_(food),Q25203169,Mid-importance,6857.0,112.0,279.0,7.0,204.0,91.0,204.0,10.0,1.0
92,Bloating,Q4927059,Mid-importance,7700.0,18.0,299.0,33.0,7200.0,1515.0,7200.0,0.0,9.0
93,Blue_Cross_Blue_Shield,Q4929017,Low-importance,7465.0,61.0,187.0,89.0,9285.0,114456.0,9285.0,13.0,465.0
94,Blue_Cross_Blue_Shield_Association,Q4929017,Low-importance,1755.0,8.0,34.0,74.0,17927.0,766.0,17927.0,0.0,4.0
95,Blue_Zone,Q3299670,Mid-importance,5063.0,275.0,168.0,490.0,45561.0,6164.0,45561.0,2.0,21.0
96,Blue_Zones,Q3299670,Mid-importance,4042.0,3.0,39.0,5.0,60.0,244.0,60.0,0.0,447.0
97,Blue_zone,Q3299670,Mid-importance,8126.0,108.0,394.0,15.0,112.0,273.0,112.0,0.0,396.0
98,Body_massager,Q179415,Low-importance,6115.0,69.0,344.0,60.0,11434.0,83174.0,11434.0,18.0,407.0
99,Body_roundness_index,Q131191528,Low-importance,7866.0,393.0,8.0,17.0,157.0,33239.0,157.0,0.0,518.0
100,Body_shaming,Q63522120,Low-importance,6832.0,204.0,549.0,290.0,59503.0,242622.0,59503.0,23.0,620.0
101,Body_shape,Q1072278,Mid-importance,4467.0,116.0,201.0,1127.0,15113.0,10625.0,15113.0,17.0,97.0
102,Bodyweight_exercise,Q450743,Mid-importance,5394.0,7.0,105.0,129.0,32906.0,78555.0,32906.0,0.0,403.0
103,Bowflex,Q4950971,Low-importance,5938.0,16.0,60.0,63.0,13467.0,554.0,13467.0,0.0,4.0
104,"Brad_Johnson_(actor,_born_1959)",Q896805,Low-importance,7361.0,151.0,290.0,214.0,21896.0,1638.0,21896.0,14.0,14.0
105,Brendan_Carr_(physician),Q107524430,Low-importance,8535.0,906.0,1444.0,782.0,135333.0,149174.0,135333.0,67.0,518.0
106,Brett_Giroir,Q4962188,Low-importance,7362.0,363.0,404.0,298.0,63328.0,18653.0,63328.0,17.0,163.0
107,Bulletproof_Coffee,Q19559986,Low-importance,4419.0,9.0,67.0,48.0,7855.0,1428.0,7855.0,9.0,4.0
108,Burnout_(psychology),Q327988,High-importance,7484.0,84.0,198.0,99.0,6203.0,38361.0,6203.0,9.0,313.0
109,Burpee_(exercise),Q3270872,Low-importance,7729.0,2.0,9.0,13.0,145.0,2636.0,145.0,0.0,730.0
110,CPR,Q185325,Mid-importance,6892.0,96.0,190.0,116.0,23911.0,84699.0,23911.0,7.0,383.0
111,CVS_Health,Q624375,Low-importance,8218.0,7.0,3.0,5.0,110.0,2609.0,110.0,0.0,730.0
113,Calico_(company),Q14932155,Low-importance,8824.0,4224.0,1146.0,1065.0,150606.0,467941.0,150606.0,42.0,730.0
114,California_Smog_Check_Program,Q5020967,Low-importance,3978.0,8.0,1.0,1.0,27.0,288.0,27.0,0.0,427.0
116,Cancer_Act_1939,Q5031396,Low-importance,7739.0,341.0,560.0,213.0,4440.0,56710.0,4440.0,11.0,427.0
117,Carbon_monoxide_detector,Q3045295,Mid-importance,3624.0,7.0,19.0,29.0,5692.0,209.0,5692.0,0.0,2.0
118,Cardiopulmonary_resuscitation,Q185325,Mid-importance,7932.0,215.0,655.0,223.0,15791.0,51392.0,15791.0,8.0,399.0
119,Caregiver,Q553079,Low-importance,6961.0,9.0,55.0,36.0,4036.0,116.0,4036.0,7.0,1.0
120,Carissa_Etienne,Q15138398,Mid-importance,464.0,5.0,29.0,94.0,20469.0,600.0,20469.0,0.0,5.0
121,Castile_soap,Q3302590,Low-importance,7197.0,306.0,1118.0,592.0,87309.0,22981.0,87309.0,17.0,16.0
122,Cdc,Q583725,High-importance,3609.0,88.0,59.0,103.0,19879.0,558.0,19879.0,2.0,3.0
123,Centene_Corporation,Q5059102,Low-importance,6508.0,25.0,2.0,5.0,74.0,1720.0,74.0,0.0,258.0
124,Center_for_Disease_Control,Q583725,High-importance,1966.0,27.0,16.0,176.0,13563.0,1308.0,13563.0,0.0,2.0
125,Centers_for_Disease_Control,Q583725,High-importance,8709.0,1241.0,3241.0,961.0,139432.0,421516.0,139432.0,114.0,731.0
126,Centers_for_Disease_Control_and_Prevention,Q583725,High-importance,8504.0,65.0,1.0,1.0,29.0,1171.0,29.0,0.0,456.0
128,Chain-smoker,Q1435005,Low-importance,7673.0,1985.0,288.0,629.0,20533.0,250493.0,20533.0,45.0,567.0
129,Chain_smoker,Q1435005,Low-importance,3924.0,16.0,101.0,86.0,14375.0,429.0,14375.0,0.0,4.0
130,Chain_smoking,Q1435005,Low-importance,3087.0,75.0,110.0,170.0,6654.0,3096.0,6654.0,3.0,17.0
131,Charles_A._Elcan,Q22073601,Low-importance,8058.0,312.0,508.0,374.0,26523.0,130.0,26523.0,27.0,1.0
132,Charles_Atlas,Q368744,Low-importance,7517.0,135.0,1248.0,1050.0,193950.0,135799.0,193950.0,24.0,479.0
133,Chester_Yorton,Q984095,Low-importance,1262.0,8.0,20.0,107.0,18461.0,180.0,18461.0,0.0,1.0
134,Childhood_dementia,Q130781538,Low-importance,6648.0,17.0,150.0,152.0,20759.0,5441.0,20759.0,2.0,46.0
135,Childhood_obesity,Q3241451,Mid-importance,6412.0,898.0,5.0,14.0,155.0,760444.0,155.0,0.0,731.0
136,Children's_Healthcare_of_Atlanta,Q23074176,Mid-importance,7897.0,5180.0,493.0,272.0,37658.0,142.0,37658.0,62.0,1.0
137,Chinese_laundry,Q852100,Low-importance,811.0,1.0,13.0,46.0,12606.0,985.0,12606.0,1.0,6.0
138,Christian_diet_programs,Q4903085,Low-importance,6839.0,193.0,730.0,91.0,7262.0,4738.0,7262.0,23.0,41.0
139,Cigarette,Q1578,Mid-importance,8058.0,392.0,471.0,387.0,21094.0,496.0,21094.0,100.0,4.0
141,Cigarette_smoking,Q7212330,High-importance,5331.0,2.0,9.0,9.0,1103.0,936.0,1103.0,0.0,2.0
142,Circuit_training,Q205821,Low-importance,8268.0,906.0,335.0,1163.0,33451.0,10924.0,33451.0,25.0,102.0
143,Cistern,Q838858,Mid-importance,7059.0,60.0,187.0,136.0,2230.0,110.0,2230.0,2.0,1.0
144,ClassPass,Q19864979,Low-importance,5599.0,10.0,65.0,92.0,20772.0,483.0,20772.0,0.0,3.0
145,Clean_eating,Q25459466,Low-importance,7560.0,21.0,269.0,8.0,85.0,156.0,85.0,0.0,41.0
146,Cleanliness,Q692096,Low-importance,7855.0,140.0,320.0,178.0,15089.0,206.0,15089.0,9.0,2.0
147,Cleavage_(breasts),Q2087952,Low-importance,6768.0,207.0,1260.0,392.0,91336.0,128857.0,91336.0,38.0,500.0
148,Cleverman,Q113159137,Low-importance,4129.0,546.0,176.0,713.0,85457.0,47027.0,85457.0,9.0,262.0
149,Clinical_coder,Q116494,Low-importance,7232.0,103.0,224.0,160.0,14108.0,396425.0,14108.0,5.0,728.0
150,Clinical_depression,Q42844,High-importance,7669.0,86.0,314.0,99.0,6721.0,2959.0,6721.0,19.0,27.0
151,Coach_(sport),Q41583,High-importance,5897.0,38.0,152.0,60.0,15505.0,5551.0,15505.0,0.0,44.0
153,Cognitive_shuffle,Q123561006,Low-importance,6986.0,139.0,211.0,280.0,36545.0,38310.0,36545.0,11.0,258.0
154,Colgate_(toothpaste),Q2523492,Low-importance,7515.0,295.0,409.0,279.0,14129.0,132.0,14129.0,11.0,1.0
155,Comb,Q23834,Low-importance,3516.0,12.0,91.0,23.0,3748.0,28088.0,3748.0,3.0,223.0
156,Commodity_Supplemental_Food_Program,Q28402615,Low-importance,6470.0,16.0,68.0,113.0,12845.0,3144.0,12845.0,1.0,10.0
159,Connecticut_Death_Index,Q5161508,Low-importance,7294.0,68.0,273.0,115.0,9840.0,1174.0,9840.0,10.0,8.0
160,Consent,Q231043,Mid-importance,4044.0,89.0,168.0,255.0,26816.0,80612.0,26816.0,3.0,447.0
161,Cookie_diet,Q5167095,Low-importance,4447.0,150.0,89.0,236.0,12696.0,243.0,12696.0,2.0,2.0
162,Corizon,Q5172791,Mid-importance,7423.0,42.0,105.0,77.0,10014.0,5829.0,10014.0,9.0,20.0
164,Crash_diet,Q4310180,Mid-importance,5064.0,9.0,30.0,106.0,19904.0,188.0,19904.0,3.0,1.0
165,Crest_(toothpaste),Q3002499,Low-importance,6589.0,31.0,35.0,36.0,3566.0,109.0,3566.0,5.0,1.0
166,CrossFit,Q2072840,Low-importance,4373.0,405.0,122.0,605.0,91810.0,90.0,91810.0,9.0,1.0
167,CrossFit_Games,Q17522146,Mid-importance,7314.0,1.0,14.0,15.0,106.0,176.0,106.0,0.0,3.0
168,Cruciferous_vegetables,Q5189799,Low-importance,7962.0,177.0,675.0,243.0,34392.0,11645.0,34392.0,40.0,103.0
169,Crunch_(exercise),Q811154,Mid-importance,8275.0,104.0,12.0,1.0,57.0,3434.0,57.0,0.0,484.0
170,Crunch_Fitness,Q5190093,Low-importance,7818.0,4607.0,2598.0,626.0,63078.0,360444.0,63078.0,91.0,729.0
171,Curves_International,Q5196080,Low-importance,4134.0,10.0,218.0,91.0,18352.0,8121.0,18352.0,6.0,47.0
174,DASH_diet,Q5204325,Mid-importance,8996.0,2143.0,3027.0,557.0,62691.0,382494.0,62691.0,172.0,731.0
175,Dabur,Q2723075,Mid-importance,7967.0,487.0,710.0,409.0,59296.0,5671.0,59296.0,44.0,47.0
176,Dad_bod,Q25108667,Low-importance,882.0,11.0,1.0,1.0,33.0,703.0,33.0,0.0,655.0
177,Dan_Wikler,Q5214593,Low-importance,4100.0,103.0,211.0,214.0,30858.0,21459.0,30858.0,6.0,117.0
178,Dance_Dance_Revolution,Q908392,Low-importance,6080.0,7.0,40.0,38.0,6801.0,2686.0,6801.0,4.0,7.0
179,Dandruff,Q117484,Mid-importance,7037.0,134.0,300.0,301.0,14085.0,7687.0,14085.0,6.0,46.0
181,Darlie,Q701133,Low-importance,441.0,110.0,1.0,5.0,82.0,17338.0,82.0,0.0,152.0
182,Dave_Asprey,Q19559986,Low-importance,7406.0,380.0,140.0,354.0,23198.0,8469.0,23198.0,15.0,39.0
183,David_L._Katz,Q15429303,Low-importance,4853.0,373.0,89.0,472.0,17292.0,376.0,17292.0,0.0,3.0
185,David_McLean_(actor),Q3018429,Low-importance,5768.0,252.0,485.0,505.0,62917.0,2291.0,62917.0,2.0,22.0
187,Dean_Ornish,Q1181109,Low-importance,4993.0,217.0,105.0,290.0,12428.0,163.0,12428.0,6.0,1.0
188,Deathcare,Q109297311,Low-importance,7484.0,19.0,63.0,31.0,5877.0,2303.0,5877.0,9.0,18.0
189,Deconditioning,Q5249582,Mid-importance,5399.0,132.0,232.0,171.0,7751.0,1095.0,7751.0,18.0,9.0
190,Decriminalization_of_sex_work,Q17001582,Low-importance,7688.0,163.0,423.0,47.0,7277.0,2189.0,7277.0,54.0,22.0
191,Delisting_(Canadian_medicare),Q6806631,High-importance,5863.0,10.0,194.0,342.0,5071.0,1666.0,5071.0,2.0,3.0
193,Dental_floss,Q143978,High-importance,3610.0,43.0,78.0,81.0,12777.0,257.0,12777.0,4.0,2.0
195,Department_of_Veterans_Affairs,Q592576,Low-importance,2289.0,33.0,45.0,493.0,90317.0,434.0,90317.0,1.0,2.0
196,Depression_(mood),Q4340209,Mid-importance,621.0,58.0,2.0,5.0,85.0,560.0,85.0,0.0,7.0
197,Depression_Quest,Q18149194,Low-importance,6137.0,26.0,267.0,464.0,19369.0,2960.0,19369.0,21.0,23.0
198,Dettol,Q15061688,Low-importance,7163.0,93.0,267.0,146.0,27960.0,5628.0,27960.0,12.0,53.0
202,Disability-adjusted_life_year,Q55627,Mid-importance,6560.0,36.0,314.0,180.0,52563.0,16027.0,52563.0,1.0,128.0
204,Disease,Q12136,High-importance,7654.0,85.0,12.0,26.0,1655.0,3771.0,1655.0,0.0,20.0
205,Disinfectant,Q73984,Low-importance,7944.0,390.0,117.0,367.0,19257.0,1523654.0,19257.0,28.0,516.0
206,Disposable_vapes,Q189511,Low-importance,3296.0,52.0,65.0,76.0,8595.0,1044.0,8595.0,1.0,2.0
207,DoTerra,Q18149972,Low-importance,6175.0,109.0,219.0,732.0,52460.0,371.0,52460.0,3.0,3.0
209,Doramad_Radioactive_Toothpaste,Q1243726,Low-importance,1598.0,10.0,75.0,28.0,6717.0,2102.0,6717.0,1.0,8.0
210,Double_Dutch_(jump_rope),Q960858,Low-importance,3248.0,67.0,62.0,103.0,8937.0,236.0,8937.0,1.0,2.0
212,Dove_(Unilever_brand),Q962709,Low-importance,8039.0,289.0,370.0,553.0,63576.0,7502.0,63576.0,19.0,71.0
213,Dove_(toiletries),Q962709,Low-importance,6731.0,3.0,10.0,1.0,21.0,1090.0,21.0,0.0,469.0
214,Downward_Dog_Pose,Q2435158,Mid-importance,1970.0,3.0,30.0,40.0,6036.0,2457.0,6036.0,0.0,12.0
215,Doximity,Q5303699,Low-importance,5415.0,0.0,1.0,1.0,39.0,1663.0,39.0,0.0,456.0
216,Dr._Dot,Q112570227,Low-importance,7537.0,360.0,215.0,4258.0,56601.0,28894.0,56601.0,9.0,227.0
218,Drinking_in_public,Q1543841,Low-importance,5063.0,117.0,105.0,80.0,12156.0,4074.0,12156.0,5.0,12.0
219,Druid,Q131081,Mid-importance,8327.0,1870.0,2284.0,1893.0,35807.0,187692.0,35807.0,104.0,553.0
220,Drunkorexia,Q4167713,Low-importance,7616.0,289.0,646.0,229.0,7820.0,79981.0,7820.0,14.0,463.0
221,Duckwalk,Q1263550,Low-importance,7158.0,342.0,307.0,444.0,27617.0,1200.0,27617.0,7.0,11.0
222,Dukan_Diet,Q24386,Low-importance,6959.0,32.0,188.0,79.0,11965.0,19967.0,11965.0,2.0,73.0
223,Dumbbell,Q465453,Mid-importance,5180.0,1.0,2.0,1.0,21.0,369.0,21.0,0.0,469.0
224,Eating_mucus,Q5331299,Low-importance,8235.0,834.0,1189.0,861.0,123296.0,99211.0,123296.0,63.0,469.0
225,Eddie_Hall,Q5336657,Low-importance,1043.0,3.0,30.0,69.0,13881.0,9983.0,13881.0,2.0,9.0
226,Edgewell_Personal_Care,Q5337641,Low-importance,7570.0,15.0,214.0,32.0,5819.0,44743.0,5819.0,4.0,350.0
227,Effects_of_climate_change_on_human_health,Q2979220,Mid-importance,8441.0,460.0,386.0,604.0,25713.0,10317.0,25713.0,18.0,95.0
228,Effects_of_nicotine_on_human_brain_development,Q85758687,Low-importance,6878.0,41.0,185.0,146.0,19436.0,319.0,19436.0,10.0,1.0
229,Effects_of_the_car_on_societies,Q2215004,Low-importance,7827.0,218.0,329.0,121.0,34917.0,1767.0,34917.0,0.0,12.0
230,Elastic_therapeutic_tape,Q917517,Low-importance,2559.0,11.0,91.0,93.0,20342.0,801.0,20342.0,4.0,4.0
233,Electrical_muscle_stimulation,Q653580,Mid-importance,3366.0,326.0,61.0,561.0,49704.0,2702.0,49704.0,5.0,11.0
235,Electronic_cigarette,Q189511,Low-importance,3590.0,14.0,19.0,30.0,9733.0,8279.0,9733.0,0.0,43.0
236,Elizabeth_Anionwu,Q5362304,Low-importance,3743.0,10.0,41.0,27.0,6563.0,912.0,6563.0,1.0,6.0
237,Emi_Wong,Q119938304,Low-importance,6826.0,98.0,137.0,158.0,9990.0,183.0,9990.0,1.0,1.0
238,Emotional_support_animal,Q5373799,Low-importance,8125.0,532.0,428.0,530.0,18685.0,1372.0,18685.0,22.0,5.0
239,Endurance,Q778298,Low-importance,4655.0,56.0,264.0,62.0,7641.0,1516.0,7641.0,6.0,6.0
240,Enteric_fever,Q125820254,Low-importance,4208.0,1.0,1.0,1.0,62.0,370.0,62.0,0.0,19.0
241,Enteritis,Q854353,Mid-importance,7998.0,2.0,58.0,37.0,6341.0,172.0,6341.0,2.0,1.0
242,Envision_Healthcare,Q28155562,Low-importance,6652.0,99.0,224.0,245.0,20375.0,1585.0,20375.0,7.0,12.0
243,Epidemiology_of_obesity,Q5382727,Low-importance,3326.0,132.0,106.0,186.0,38696.0,4797.0,38696.0,17.0,30.0
244,Equinox_Group,Q5384535,Low-importance,1370.0,126.0,3.0,5.0,76.0,12539.0,76.0,0.0,210.0
245,Erin_Elizabeth,Q107691497,Low-importance,6948.0,254.0,816.0,1695.0,314636.0,1888.0,314636.0,13.0,19.0
246,Executive_Order_13765,Q28540350,Low-importance,778.0,5.0,27.0,65.0,14603.0,13088.0,14603.0,0.0,17.0
247,Exercise,Q219067,High-importance,726.0,1.0,1.0,1.0,31.0,302.0,31.0,0.0,193.0
249,Exercise_physiology,Q472094,High-importance,3137.0,6.0,46.0,72.0,11668.0,2428.0,11668.0,10.0,4.0
250,Exhausted,Q9690,Mid-importance,7475.0,796.0,763.0,1249.0,110029.0,474.0,110029.0,13.0,4.0
251,Exposure_(Bilott_book),Q100699629,Low-importance,2134.0,3.0,2.0,1.0,62.0,13706.0,62.0,0.0,56.0
252,Face_the_wall_squat,Q1755746,High-importance,7727.0,23.0,179.0,91.0,17879.0,278.0,17879.0,17.0,3.0
253,Failure_to_thrive,Q1497481,Low-importance,7884.0,17.0,22.0,12.0,68.0,321.0,68.0,0.0,2.0
254,False_advertising,Q1371586,Low-importance,7884.0,485.0,559.0,170.0,13639.0,91.0,13639.0,34.0,2.0
255,Fast_of_Nineveh,Q5437046,Low-importance,7822.0,155.0,449.0,158.0,28405.0,47783.0,28405.0,11.0,394.0
256,Fasting,Q44602,Low-importance,4189.0,569.0,117.0,1128.0,8717.0,117.0,8717.0,24.0,1.0
259,Fat_fetishism,Q22905841,Mid-importance,6392.0,14.0,67.0,126.0,17290.0,495.0,17290.0,2.0,2.0
260,Fat_tax,Q1326227,Low-importance,7257.0,23.0,129.0,57.0,16867.0,8464.0,16867.0,9.0,2.0
261,Father_Yod,Q5437668,Low-importance,3417.0,14.0,86.0,241.0,21165.0,93.0,21165.0,22.0,1.0
262,Fatigability,Q9690,Mid-importance,4804.0,116.0,75.0,136.0,6733.0,742.0,6733.0,3.0,2.0
263,Fatigue,Q9690,Mid-importance,8364.0,1582.0,921.0,384.0,13187.0,7983.0,13187.0,52.0,72.0
264,"Feed_a_cold,_starve_a_fever",Q116873421,Low-importance,6543.0,16.0,190.0,40.0,6440.0,151.0,6440.0,15.0,1.0
265,Ferber_method,Q3333536,Low-importance,7420.0,121.0,655.0,152.0,26224.0,303.0,26224.0,10.0,3.0
266,Finnish_sauna,Q1598293,High-importance,7924.0,235.0,438.0,245.0,5464.0,315.0,5464.0,26.0,3.0
267,Fitness_trail,Q443006,Low-importance,7159.0,153.0,103.0,339.0,5865.0,232.0,5865.0,20.0,1.0
268,Flexible_spending_account,Q5458993,Low-importance,8188.0,256.0,428.0,84.0,10207.0,22445.0,10207.0,68.0,207.0
269,Flo_(app),Q60761955,Low-importance,7646.0,12.0,85.0,72.0,8484.0,243.0,8484.0,1.0,1.0
271,Food_Safety_and_Standards_Authority_of_India,Q5465383,Mid-importance,8229.0,310.0,317.0,101.0,11946.0,2235.0,11946.0,22.0,20.0
272,Food_allergy,Q769815,High-importance,8692.0,2255.0,3374.0,623.0,61592.0,270503.0,61592.0,164.0,716.0
274,Forced_sterilization_in_Peru,Q97170499,Low-importance,2932.0,18.0,9.0,768.0,3467.0,277.0,3467.0,0.0,76.0
275,Forest_bathing,Q48818118,Low-importance,4131.0,1.0,3.0,1.0,34.0,698.0,34.0,0.0,30.0
276,Form_1095,Q25083451,Low-importance,3768.0,48.0,56.0,242.0,32666.0,5801.0,32666.0,0.0,20.0
277,Forrest_Preston,Q21066960,Low-importance,6352.0,207.0,1107.0,558.0,108868.0,594038.0,108868.0,17.0,731.0
278,FreeLife,Q5499653,Low-importance,8196.0,3562.0,2351.0,900.0,47425.0,291808.0,47425.0,71.0,718.0
279,French_paradox,Q920134,Low-importance,3257.0,80.0,1.0,2.0,51.0,294.0,51.0,0.0,70.0
281,Furious_Pete,Q13399911,Low-importance,1270.0,303.0,1.0,5.0,92.0,6509.0,92.0,0.0,482.0
282,GMO_food_labelling,Q2575667,Low-importance,7240.0,485.0,126.0,169.0,37809.0,143.0,37809.0,5.0,1.0
283,Gait_belt,Q5517369,Low-importance,7402.0,34.0,317.0,356.0,39149.0,1284.0,39149.0,12.0,12.0
284,Gary_Taubes,Q3098624,Low-importance,5428.0,209.0,1.0,1.0,27.0,660.0,27.0,0.0,3.0
285,Gaza_Health_Ministry,Q724644,Low-importance,6979.0,178.0,280.0,511.0,94784.0,60084.0,94784.0,6.0,270.0
286,Gender-affirming_care,Q28130218,Mid-importance,7286.0,461.0,1740.0,1381.0,208340.0,24133.0,208340.0,33.0,212.0
287,Genetically_modified_food_controversies,Q2575667,Low-importance,7534.0,622.0,403.0,893.0,161957.0,314.0,161957.0,10.0,3.0
288,Geoffrey_Woo,Q123575836,Low-importance,8030.0,395.0,315.0,971.0,77160.0,186.0,77160.0,9.0,1.0
289,Give_up_smoking,Q2462253,Low-importance,7382.0,584.0,528.0,1001.0,76162.0,90.0,76162.0,6.0,1.0
291,Gleem,Q5567491,Low-importance,4725.0,1.0,5.0,1.0,33.0,133.0,33.0,0.0,1.0
292,Global_Accessibility_Awareness_Day,Q30325118,Low-importance,8082.0,681.0,884.0,917.0,116343.0,25200.0,116343.0,32.0,211.0
293,Global_health,Q2725393,High-importance,4934.0,238.0,129.0,555.0,66832.0,362.0,66832.0,11.0,3.0
294,Global_health_emergency,Q17076801,Low-importance,7960.0,1819.0,1393.0,890.0,96030.0,44561.0,96030.0,52.0,311.0
295,Glycemic_load,Q1929014,Mid-importance,6413.0,389.0,219.0,475.0,94151.0,860.0,94151.0,1.0,6.0
296,Goggle,Q72797,Low-importance,6536.0,858.0,451.0,1466.0,135341.0,27248.0,135341.0,2.0,124.0
297,Goggles,Q72797,Low-importance,7075.0,541.0,224.0,537.0,67349.0,477.0,67349.0,23.0,1.0
298,Gold's_Gym,Q1536234,Low-importance,7079.0,405.0,487.0,423.0,50546.0,12718.0,50546.0,24.0,118.0
299,Google_Fit,Q18150347,Low-importance,7827.0,259.0,522.0,200.0,45056.0,18594.0,45056.0,1.0,124.0
301,Great_American_Smokeout,Q5598647,Low-importance,7824.0,499.0,1115.0,1244.0,239879.0,7800.0,239879.0,6.0,70.0
302,Greg_Plitt,Q5606144,Mid-importance,6505.0,26.0,168.0,351.0,40863.0,97.0,40863.0,1.0,1.0
303,Gregg_Gonsalves,Q5606534,Low-importance,6473.0,276.0,368.0,399.0,49008.0,1477.0,49008.0,11.0,10.0
304,Grippers,Q1435859,Low-importance,4630.0,748.0,338.0,1242.0,113201.0,1182.0,113201.0,9.0,8.0
306,Grunya_Sukhareva,Q514110,Low-importance,6488.0,218.0,207.0,382.0,44082.0,136.0,44082.0,4.0,1.0
307,Grupo_Omnilife,Q5612243,Low-importance,6473.0,92.0,65.0,229.0,42143.0,1638.0,42143.0,7.0,8.0
308,Gym,Q14092,Low-importance,7439.0,295.0,189.0,341.0,26194.0,1123.0,26194.0,7.0,9.0
309,Gyroscopic_exercise_tool,Q261030,Low-importance,6761.0,409.0,353.0,594.0,37376.0,424.0,37376.0,5.0,2.0
310,Hair_care,Q3633540,Low-importance,7796.0,871.0,1808.0,1814.0,244458.0,108947.0,244458.0,20.0,482.0
311,Hairbrush,Q1642980,Low-importance,6475.0,176.0,993.0,835.0,81834.0,499.0,81834.0,8.0,3.0
312,Halasana,Q12459994,Mid-importance,7585.0,537.0,1822.0,709.0,62929.0,55801.0,62929.0,45.0,403.0
314,Handkerchief,Q192411,Low-importance,7633.0,93.0,586.0,296.0,43093.0,84549.0,43093.0,17.0,463.0
318,Harry_and_Louise,Q5673634,Low-importance,2426.0,368.0,103.0,455.0,9559.0,111468.0,9559.0,1.0,456.0
319,Haven_Healthcare,Q65080847,Low-importance,4800.0,82.0,184.0,239.0,48514.0,5608.0,48514.0,1.0,44.0
320,Healing,Q1581290,Mid-importance,1855.0,99.0,46.0,133.0,41018.0,738.0,41018.0,2.0,7.0
321,Health,Q12147,High-importance,7938.0,117.0,543.0,301.0,46416.0,141231.0,46416.0,27.0,496.0
322,HealthCorps,Q16983661,Low-importance,7788.0,156.0,3707.0,432.0,73987.0,94035.0,73987.0,44.0,465.0
323,Health_Authorities_Act_1995,Q16251481,High-importance,7417.0,9.0,11.0,6.0,54.0,450.0,54.0,0.0,731.0
324,Health_Ministry_of_the_Gaza_Strip,Q724644,Low-importance,6343.0,41.0,1.0,1.0,22.0,955.0,22.0,0.0,726.0
325,Health_among_the_Amish,Q21070799,Low-importance,7863.0,234.0,400.0,303.0,33911.0,61962.0,33911.0,13.0,364.0
326,Health_and_appearance_of_Michael_Jackson,Q2578140,High-importance,8430.0,1150.0,1521.0,1188.0,96380.0,46710.0,96380.0,91.0,364.0
327,Health_care,Q31207,High-importance,1266.0,12.0,20.0,87.0,11739.0,119.0,11739.0,2.0,1.0
328,Health_care_in_Canada,Q3535133,Mid-importance,8358.0,268.0,5.0,8.0,98.0,69744.0,98.0,0.0,730.0
329,Health_care_in_France,Q2745492,Low-importance,2093.0,1327.0,114.0,1996.0,96434.0,141.0,96434.0,3.0,1.0
330,Health_care_in_the_United_States,Q1358017,Mid-importance,7559.0,141.0,199.0,237.0,12195.0,5486.0,12195.0,11.0,26.0
331,Health_care_prices_in_the_United_States,Q5690885,Mid-importance,8692.0,946.0,729.0,550.0,112474.0,36668.0,112474.0,34.0,288.0
332,Health_care_system_in_Japan,Q2511133,Mid-importance,6245.0,287.0,688.0,666.0,67440.0,264347.0,67440.0,29.0,549.0
334,Health_disparities,Q1512929,Low-importance,8358.0,1735.0,1973.0,1475.0,141347.0,489995.0,141347.0,62.0,730.0
336,Health_effects_arising_from_the_September_11_attacks,Q2059842,Low-importance,8176.0,254.0,906.0,363.0,48596.0,524110.0,48596.0,63.0,731.0
337,Health_effects_of_tobacco,Q465016,High-importance,1316.0,10.0,16.0,36.0,17409.0,298.0,17409.0,0.0,2.0
338,Health_equity,Q1512929,Low-importance,7107.0,7.0,168.0,35.0,6838.0,1320.0,6838.0,3.0,8.0
339,Health_in_China,Q3473043,Mid-importance,1924.0,26.0,38.0,187.0,38910.0,1154.0,38910.0,0.0,10.0
340,Health_in_India,Q13156121,High-importance,7402.0,146.0,174.0,280.0,35872.0,1637.0,35872.0,5.0,16.0
341,Health_in_Vanuatu,Q60521481,Low-importance,0.0,0.0,0.0,0.0,0.0,60733.0,0.0,0.0,322.0
342,Health_in_the_State_of_Palestine,Q22948909,Low-importance,7822.0,20.0,94.0,54.0,6422.0,454.0,6422.0,4.0,3.0
343,Health_informatics,Q870895,High-importance,8139.0,344.0,603.0,145.0,11657.0,565.0,11657.0,49.0,6.0
344,Health_information_on_Wikipedia,Q16235120,High-importance,7677.0,6.0,433.0,106.0,13139.0,2617.0,13139.0,0.0,6.0
345,Health_insurance,Q334911,High-importance,8375.0,1584.0,1324.0,1007.0,131807.0,493477.0,131807.0,47.0,731.0
346,Health_insurance_coverage_in_the_United_States,Q5691094,High-importance,7224.0,160.0,280.0,279.0,36484.0,587.0,36484.0,1.0,5.0
347,Health_insurance_in_the_United_States,Q5691099,High-importance,770.0,0.0,10.0,24.0,1964.0,799.0,1964.0,0.0,6.0
348,Health_literacy,Q3097973,Low-importance,8499.0,34.0,319.0,30.0,6012.0,1488.0,6012.0,6.0,15.0
350,Health_professional,Q11974939,Mid-importance,0.0,0.0,0.0,0.0,0.0,71009.0,0.0,0.0,302.0
351,Health_savings_account,Q5691144,Low-importance,930.0,3.0,14.0,78.0,26662.0,1832.0,26662.0,0.0,1.0
352,Health_technology,Q1519843,High-importance,6334.0,2.0,83.0,30.0,2517.0,827.0,2517.0,4.0,7.0
353,Healthcare_in_Canada,Q3535133,Mid-importance,2585.0,6.0,91.0,72.0,12694.0,96062.0,12694.0,0.0,397.0
354,Healthcare_in_England,Q16152524,Low-importance,7510.0,35.0,1732.0,331.0,86717.0,99069.0,86717.0,5.0,476.0
355,Healthcare_in_Germany,Q245984,Mid-importance,7143.0,1.0,2.0,1.0,22.0,540.0,22.0,0.0,555.0
356,Healthcare_in_India,Q21901381,High-importance,7106.0,17.0,1.0,1.0,25.0,7030.0,25.0,3.0,731.0
357,Healthcare_in_Luxembourg,Q25040520,Low-importance,7935.0,622.0,688.0,381.0,77211.0,471944.0,77211.0,38.0,731.0
358,Healthcare_in_Singapore,Q5691309,Mid-importance,5814.0,145.0,39.0,343.0,6248.0,123.0,6248.0,9.0,1.0
359,Healthcare_in_South_Korea,Q60521539,High-importance,6910.0,92.0,392.0,80.0,13138.0,48019.0,13138.0,1.0,360.0
360,Healthcare_in_Switzerland,Q357702,Low-importance,519.0,1.0,1.0,1.0,53.0,226.0,53.0,0.0,3.0
361,Healthcare_in_the_United_Kingdom,Q2764529,High-importance,7298.0,19.0,108.0,46.0,10648.0,208.0,10648.0,4.0,2.0
362,Healthcare_in_the_United_States,Q1358017,Mid-importance,8428.0,977.0,651.0,552.0,27874.0,31798.0,27874.0,46.0,258.0
364,Healthcare_reform_in_the_United_States,Q1156735,Mid-importance,6143.0,6.0,97.0,197.0,88213.0,287.0,88213.0,0.0,1.0
366,Healthy_diet,Q5906358,High-importance,6747.0,208.0,1851.0,969.0,128484.0,33247.0,128484.0,5.0,312.0
369,Herbalife,Q572948,Low-importance,252.0,67.0,1.0,5.0,76.0,50506.0,76.0,0.0,309.0
371,High-intensity_interval_training,Q2756206,Low-importance,8824.0,1189.0,1313.0,1359.0,156022.0,52935.0,156022.0,63.0,353.0
372,Hiker,Q12014035,Mid-importance,7768.0,357.0,556.0,397.0,18851.0,14900.0,18851.0,33.0,110.0
373,Hiking,Q12014035,Mid-importance,7571.0,404.0,362.0,500.0,50038.0,18366.0,50038.0,17.0,137.0
374,Himalaya_Wellness_Company,Q7739717,Low-importance,7042.0,45.0,1265.0,415.0,39796.0,91484.0,39796.0,6.0,462.0
375,Hims_&_Hers_Health,Q64363662,Low-importance,7416.0,198.0,289.0,384.0,138124.0,3514.0,138124.0,17.0,34.0
376,History_of_Lance_Armstrong_doping_allegations,Q6483313,Low-importance,2095.0,1350.0,1356.0,6257.0,362883.0,90061.0,362883.0,20.0,480.0
377,History_of_physical_training_and_fitness,Q104870187,Mid-importance,6126.0,224.0,266.0,592.0,72209.0,876.0,72209.0,0.0,4.0
379,Human_body_weight,Q620876,Low-importance,7237.0,252.0,1840.0,1090.0,240663.0,1277.0,240663.0,8.0,12.0
380,Human_height,Q476112,Mid-importance,95.0,3.0,1.0,5.0,97.0,19372.0,97.0,0.0,50.0
381,Human_kinetics,Q657632,High-importance,5780.0,9.0,1.0,1.0,29.0,1093.0,29.0,0.0,21.0
382,Human_medicine,Q11190,High-importance,4847.0,41.0,253.0,190.0,25001.0,11720.0,25001.0,0.0,72.0
383,Humana,Q910866,High-importance,7664.0,68.0,466.0,139.0,24352.0,5639.0,24352.0,4.0,46.0
384,Hygiene,Q162297,Low-importance,7174.0,68.0,172.0,194.0,27566.0,131.0,27566.0,23.0,2.0
386,Hyperpalatable_food,Q123051125,Mid-importance,5911.0,164.0,30.0,73.0,12080.0,175.0,12080.0,5.0,1.0
387,ISKCON,Q190193,High-importance,6767.0,54.0,29.0,35.0,6339.0,92.0,6339.0,1.0,1.0
388,Impact_of_the_COVID-19_pandemic_on_prisons,Q89864650,Mid-importance,3628.0,115.0,50.0,209.0,9670.0,6297.0,9670.0,2.0,23.0
389,Indian_club,Q2804113,Low-importance,2079.0,149.0,99.0,331.0,32510.0,165241.0,32510.0,4.0,523.0
392,Industrial_and_organizational_psychology,Q2045692,High-importance,5498.0,75.0,148.0,472.0,71672.0,119.0,71672.0,2.0,1.0
393,Intermittent_fasting,Q1666254,Low-importance,8274.0,284.0,615.0,266.0,13706.0,13430.0,13706.0,39.0,121.0
394,International_Day_of_Yoga,Q18621241,Mid-importance,7557.0,36.0,6.0,1.0,29.0,762.0,29.0,0.0,5.0
395,International_Society_for_Krishna_Consciousness,Q190193,High-importance,6995.0,106.0,312.0,237.0,27632.0,115.0,27632.0,5.0,1.0
396,Ipana,Q6064878,Low-importance,1558.0,78.0,24.0,37.0,6217.0,4631.0,6217.0,0.0,19.0
398,Jack_LaLanne,Q1677099,Mid-importance,3720.0,11.0,59.0,146.0,31487.0,381.0,31487.0,2.0,3.0
399,Jackson_Sanatorium,Q111903953,Low-importance,7527.0,20.0,45.0,38.0,5206.0,253.0,5206.0,0.0,1.0
400,Jane_Bunford,Q3806992,Low-importance,5368.0,9.0,82.0,41.0,5512.0,2054.0,5512.0,1.0,14.0
401,Jane_Fonda's_Workout,Q104855274,Mid-importance,8677.0,717.0,2511.0,762.0,120574.0,182144.0,120574.0,70.0,622.0
402,Japanese_work_environment,Q6159180,High-importance,2937.0,9.0,41.0,78.0,17802.0,351.0,17802.0,1.0,2.0
405,Jessie_InchauspÃ©,Q113088786,Low-importance,2160.0,2.0,1.0,1.0,27.0,948.0,27.0,0.0,676.0
407,Joe_Gold,Q5143667,Low-importance,7134.0,1291.0,404.0,113.0,7596.0,7385.0,7596.0,25.0,67.0
408,Jogging,Q816261,High-importance,3802.0,561.0,102.0,122.0,15168.0,33547.0,15168.0,13.0,280.0
409,John_Basedow,Q6220997,Low-importance,7060.0,0.0,4.0,7.0,134.0,35257.0,134.0,0.0,639.0
411,Johnson_&_Johnson,Q333718,Mid-importance,8577.0,1862.0,1427.0,721.0,151514.0,262716.0,151514.0,31.0,639.0
412,Juice_Plus,Q17060987,Low-importance,8794.0,7854.0,2914.0,916.0,102935.0,335089.0,102935.0,193.0,726.0
413,Julia_Cheek,Q123481212,Low-importance,7594.0,47.0,236.0,45.0,5001.0,727.0,5001.0,18.0,3.0
414,Jumping_jack,Q9284972,Mid-importance,7185.0,386.0,239.0,441.0,40830.0,540.0,40830.0,13.0,1.0
415,Karoshi,Q1051107,High-importance,3864.0,75.0,74.0,315.0,13256.0,402.0,13256.0,24.0,2.0
416,KatrÃ­n_DavÃ­Ã°sdÃ³ttir,Q21621138,Low-importance,8427.0,361.0,537.0,8.0,75.0,128305.0,75.0,21.0,731.0
419,Kawa_model,Q119348715,Low-importance,2086.0,1362.0,275.0,2233.0,160009.0,267.0,160009.0,17.0,1.0
420,Kenneth_Brumley,Q4095786,Low-importance,6924.0,131.0,410.0,322.0,44658.0,14941.0,44658.0,9.0,116.0
423,Kevin_Hines,Q60735041,Low-importance,4740.0,2.0,41.0,38.0,5900.0,1127.0,5900.0,2.0,3.0
424,Kevin_Trudeau,Q6397659,Low-importance,452.0,3.0,1.0,5.0,91.0,337.0,91.0,0.0,2.0
425,KidsCare,Q1141363,Mid-importance,7672.0,241.0,719.0,141.0,15745.0,128419.0,15745.0,25.0,503.0
426,Kinesiologist,Q657632,High-importance,7198.0,18.0,168.0,54.0,6377.0,910.0,6377.0,8.0,9.0
427,Kinesiology,Q657632,High-importance,7353.0,9.0,216.0,21.0,2999.0,397.0,2999.0,5.0,4.0
428,Kurmasana,Q796473,Mid-importance,7666.0,25.0,139.0,270.0,7908.0,317.0,7908.0,6.0,2.0
429,LA_Fitness,Q6457180,Low-importance,4126.0,13.0,3.0,1.0,44.0,5885.0,44.0,0.0,30.0
430,LRC_International,Q1675535,Low-importance,6703.0,281.0,82.0,242.0,13846.0,137.0,13846.0,13.0,1.0
431,Lactate_threshold,Q3480702,High-importance,4752.0,114.0,55.0,156.0,9221.0,1340.0,9221.0,10.0,30.0
432,Laundry,Q852100,Low-importance,5169.0,517.0,99.0,235.0,60032.0,180.0,60032.0,13.0,2.0
433,Laxative,Q217972,Mid-importance,7440.0,15.0,6.0,15.0,112.0,1041.0,112.0,0.0,3.0
434,"Lead_contamination_in_Washington,_D.C.,_drinking_water",Q6508405,Low-importance,6526.0,106.0,572.0,260.0,39107.0,750.0,39107.0,6.0,5.0
436,Legal_drinking_age,Q2915195,Low-importance,7743.0,42.0,217.0,106.0,11863.0,607.0,11863.0,17.0,5.0
437,Legal_smoking_age,Q7546043,Mid-importance,8034.0,41.0,39.0,1.0,21.0,31283.0,21.0,3.0,731.0
438,Let's_Move!,Q6532507,Low-importance,6175.0,226.0,96.0,183.0,20659.0,5469.0,20659.0,2.0,44.0
439,Lethargy,Q15637420,Low-importance,7345.0,129.0,668.0,210.0,37972.0,65298.0,37972.0,31.0,172.0
440,Life_Time_Fitness,Q6545004,Low-importance,860.0,63.0,17.0,110.0,12922.0,6021.0,12922.0,0.0,2.0
441,Lifestyle_disease,Q12600757,Mid-importance,6958.0,196.0,578.0,366.0,46600.0,43003.0,46600.0,16.0,362.0
442,Light_pollution,Q180644,Low-importance,4713.0,16.0,140.0,51.0,8927.0,29172.0,8927.0,1.0,235.0
443,Lip_balm,Q1518347,Low-importance,7543.0,127.0,255.0,217.0,13975.0,110.0,13975.0,1.0,1.0
444,List_of_asanas,Q2240937,Mid-importance,8423.0,525.0,311.0,289.0,9129.0,90238.0,9129.0,38.0,463.0
445,List_of_awareness_ribbons,Q2585434,Low-importance,6430.0,566.0,5.0,16.0,135.0,452.0,135.0,0.0,448.0
447,List_of_countries_by_infant_and_under-five_mortality_rates,Q1373300,Low-importance,4728.0,7.0,1.0,1.0,47.0,361.0,47.0,0.0,76.0
448,List_of_deaths_due_to_COVID-19,Q88027839,High-importance,5563.0,46.0,3.0,8.0,117.0,357.0,117.0,0.0,76.0
450,List_of_foodborne_illness_outbreaks_in_the_United_States,Q6620586,Low-importance,3706.0,291.0,83.0,392.0,35363.0,134.0,35363.0,5.0,1.0
451,List_of_health_deities,Q51845850,Low-importance,8315.0,105.0,330.0,249.0,7528.0,901.0,7528.0,47.0,8.0
452,List_of_smoking_bans,Q1850609,Low-importance,922.0,147.0,15.0,184.0,4989.0,1649.0,4989.0,0.0,2.0
453,List_of_sovereign_states_by_body_mass_index,Q25214343,High-importance,4873.0,0.0,3.0,1.0,27.0,591.0,27.0,0.0,488.0
454,List_of_swimming_styles,Q1154385,Low-importance,6171.0,142.0,516.0,273.0,27780.0,1963.0,27780.0,16.0,19.0
455,List_of_toothpaste_brands,Q17006249,Mid-importance,6475.0,4113.0,895.0,303.0,63216.0,67446.0,63216.0,41.0,448.0
456,List_of_weight_training_exercises,Q4350159,Low-importance,8672.0,915.0,1235.0,426.0,105219.0,8719.0,105219.0,4.0,76.0
457,Low-emission_zone,Q647266,High-importance,7946.0,1465.0,213.0,700.0,49220.0,1485.0,49220.0,22.0,11.0
458,Lucille_Roberts,Q14948759,Low-importance,7300.0,352.0,139.0,243.0,14537.0,403.0,14537.0,6.0,3.0
460,Lviv_State_University_of_Physical_Culture,Q4271075,Low-importance,7327.0,103.0,126.0,145.0,6487.0,147.0,6487.0,4.0,1.0
461,Lying-in,Q17005954,Low-importance,7780.0,517.0,251.0,535.0,17736.0,1225.0,17736.0,10.0,8.0
462,MIND_diet,Q22906945,Low-importance,5049.0,376.0,221.0,857.0,98683.0,3446.0,98683.0,6.0,27.0
463,Maeve_Kennedy_McKean,Q75326815,Low-importance,7523.0,275.0,352.0,482.0,21880.0,1782.0,21880.0,13.0,17.0
464,Major_depressive_disorder,Q42844,High-importance,7763.0,357.0,472.0,268.0,16428.0,1460.0,16428.0,42.0,15.0
466,Managed_care,Q1416012,Mid-importance,7115.0,167.0,120.0,180.0,11611.0,986.0,11611.0,3.0,8.0
467,Management_of_obesity,Q6746705,Low-importance,7680.0,264.0,907.0,720.0,63581.0,148498.0,63581.0,21.0,488.0
468,Manicure,Q747493,Low-importance,7340.0,21.0,216.0,26.0,4592.0,273.0,4592.0,7.0,2.0
469,Manicurist,Q11325221,Low-importance,8584.0,2773.0,2986.0,1182.0,184024.0,342975.0,184024.0,132.0,731.0
470,Mannatech,Q3372572,Low-importance,6005.0,31.0,183.0,174.0,32648.0,293.0,32648.0,1.0,1.0
471,Manscaped,Q109236238,Low-importance,5970.0,90.0,80.0,183.0,13350.0,110.0,13350.0,1.0,1.0
472,Mansel_Aylward,Q20962004,Low-importance,5649.0,36.0,64.0,163.0,19940.0,132.0,19940.0,1.0,1.0
473,Maria_Kang,Q21285289,Mid-importance,5958.0,79.0,118.0,136.0,6309.0,40705.0,6309.0,5.0,103.0
474,Mark_Mastrov,Q22006688,Low-importance,5958.0,40.0,136.0,187.0,16867.0,4989.0,16867.0,1.0,44.0
476,Mark_Sisson,Q2687894,Low-importance,7129.0,90.0,11.0,8.0,138.0,432.0,138.0,0.0,242.0
479,Massage,Q179415,Low-importance,7545.0,1018.0,1056.0,520.0,116755.0,118951.0,116755.0,48.0,473.0
480,Massage_Envy,Q10327170,Low-importance,7333.0,16.0,235.0,43.0,11239.0,97.0,11239.0,9.0,1.0
482,Matthew_Kenney,Q16195623,Low-importance,1387.0,1.0,2.0,5.0,80.0,126.0,80.0,0.0,3.0
483,McKesson_Corporation,Q570473,Mid-importance,4299.0,856.0,589.0,816.0,72499.0,43789.0,72499.0,14.0,273.0
484,Meatless,Q83364,Mid-importance,3970.0,105.0,123.0,160.0,23944.0,159005.0,23944.0,0.0,472.0
485,Medicaid,Q1141363,Mid-importance,6563.0,590.0,619.0,509.0,62245.0,4335.0,62245.0,28.0,39.0
487,Medical_drama,Q1786567,Low-importance,8839.0,1603.0,713.0,541.0,50304.0,31912.0,50304.0,55.0,211.0
488,Medical_malpractice,Q2565355,Low-importance,7426.0,445.0,360.0,369.0,87069.0,71953.0,87069.0,6.0,450.0
489,Medicare.gov,Q559392,Mid-importance,1958.0,15.0,68.0,115.0,23139.0,34899.0,23139.0,2.0,230.0
490,Medicare_(Canada),Q6806631,High-importance,6191.0,441.0,324.0,423.0,17453.0,15449.0,17453.0,19.0,141.0
491,Medicare_(United_States),Q559392,Mid-importance,6891.0,104.0,171.0,88.0,3963.0,3374.0,3963.0,16.0,33.0
492,Medicine,Q11190,High-importance,7682.0,50.0,307.0,105.0,16421.0,635.0,16421.0,12.0,6.0
493,Medicine_ball,Q1304461,Low-importance,8136.0,357.0,658.0,262.0,26113.0,2228.0,26113.0,32.0,23.0
494,Men's_health,Q4141483,Low-importance,6179.0,16.0,619.0,4.0,193.0,1153.0,193.0,0.0,17.0
495,Menstrual_Hygiene_Day,Q22205294,Low-importance,4237.0,7.0,5.0,8.0,112.0,425.0,112.0,0.0,56.0
496,Mental_breakdown,Q12135,High-importance,799.0,137.0,37.0,222.0,12586.0,13899.0,12586.0,0.0,100.0
497,Mental_disorder,Q12135,High-importance,7805.0,13.0,5.0,1.0,30.0,782.0,30.0,0.0,470.0
498,Mental_health,Q317309,High-importance,8269.0,180.0,1547.0,491.0,40661.0,169989.0,40661.0,26.0,470.0
499,Mental_health_during_the_COVID-19_pandemic,Q89058901,Low-importance,7773.0,219.0,197.0,171.0,7562.0,5394.0,7562.0,17.0,47.0
500,Menthol_cigarette,Q6817560,Low-importance,1791.0,0.0,28.0,123.0,20505.0,462.0,20505.0,0.0,3.0
501,Meswak,Q6822185,Low-importance,7856.0,758.0,955.0,1514.0,137627.0,4966.0,137627.0,41.0,31.0
502,Michael_Greger,Q6830782,Low-importance,3982.0,28.0,587.0,308.0,72105.0,404.0,72105.0,10.0,4.0
503,Microlife,Q6839618,Low-importance,6334.0,9.0,125.0,33.0,4580.0,683.0,4580.0,4.0,3.0
504,Microplastics_effects_on_human_health,Q124750856,Low-importance,5995.0,4.0,42.0,23.0,2430.0,1212.0,2430.0,1.0,3.0
505,Middle_age,Q1202615,Mid-importance,5076.0,17.0,68.0,130.0,24894.0,198.0,24894.0,1.0,2.0
506,Mike_Katz,Q1369606,Low-importance,8004.0,241.0,817.0,229.0,6079.0,20485.0,6079.0,39.0,178.0
507,Mills_Darden,Q4155045,Low-importance,7871.0,136.0,475.0,240.0,29679.0,2296.0,29679.0,33.0,8.0
508,Minister_of_health,Q3273722,Low-importance,7781.0,194.0,211.0,220.0,9480.0,1493.0,9480.0,17.0,14.0
509,"Ministry_of_Health,_Palestine",Q724644,Low-importance,1815.0,4.0,23.0,30.0,8065.0,10942.0,8065.0,0.0,83.0
510,Ministry_of_Health_(Israel),Q2079801,Low-importance,8463.0,463.0,1000.0,82.0,24724.0,471.0,24724.0,21.0,5.0
511,Ministry_of_Health_(Palestine),Q724644,Low-importance,7444.0,78.0,120.0,132.0,10712.0,157.0,10712.0,1.0,1.0
512,Minority_stress,Q17103967,Low-importance,8270.0,32.0,14.0,1.0,154.0,330.0,154.0,14.0,288.0
513,Mobility_impairment,Q1179623,Low-importance,7385.0,260.0,192.0,190.0,25700.0,9954.0,25700.0,29.0,33.0
514,MonaVie,Q2597545,Low-importance,7635.0,542.0,144.0,233.0,12055.0,1127.0,12055.0,16.0,6.0
515,Mona_Vie,Q2597545,Low-importance,7924.0,386.0,165.0,159.0,6668.0,199.0,6668.0,28.0,3.0
516,Moose_test,Q1325532,Low-importance,8001.0,845.0,2123.0,461.0,46753.0,65529.0,46753.0,59.0,439.0
517,Morbid_obesity,Q12174,High-importance,6646.0,51.0,5.0,1.0,30.0,508.0,30.0,0.0,578.0
518,Mount_Sinai_Health_System,Q5165549,Mid-importance,7830.0,198.0,405.0,36.0,4971.0,91.0,4971.0,23.0,1.0
519,Movember,Q31489,Low-importance,9053.0,1807.0,2130.0,588.0,77174.0,177923.0,77174.0,55.0,578.0
520,Murder_of_Yadira_Arroyo,Q121734344,Low-importance,7523.0,760.0,248.0,602.0,33779.0,96.0,33779.0,30.0,1.0
521,Muscle_hypertrophy,Q1955391,Mid-importance,5595.0,167.0,430.0,881.0,116317.0,1067.0,116317.0,12.0,5.0
522,MyFitnessPal,Q6944817,Low-importance,7036.0,469.0,609.0,471.0,15647.0,105314.0,15647.0,3.0,467.0
523,MyPyramid,Q6944857,Low-importance,7588.0,117.0,607.0,154.0,35668.0,68790.0,35668.0,19.0,436.0
524,Myalgia,Q474959,Mid-importance,7784.0,416.0,787.0,322.0,31386.0,44537.0,31386.0,35.0,357.0
525,NHS,Q918396,High-importance,4448.0,420.0,92.0,548.0,24936.0,28201.0,24936.0,3.0,175.0
526,NHSScotland,Q16933548,High-importance,7030.0,189.0,193.0,186.0,8807.0,203.0,8807.0,37.0,2.0
527,NHS_(England),Q16251481,High-importance,4565.0,5.0,95.0,84.0,13234.0,154.0,13234.0,0.0,1.0
528,NHS_Choices,Q16251481,High-importance,5118.0,67.0,107.0,181.0,18137.0,5282.0,18137.0,2.0,45.0
529,NHS_Scotland,Q16933548,High-importance,7020.0,403.0,234.0,465.0,49814.0,2381.0,49814.0,8.0,25.0
530,NIOSH_air_filtration_rating,Q23582148,Low-importance,7742.0,1329.0,502.0,1007.0,118665.0,61880.0,118665.0,37.0,435.0
531,Nail_clipper,Q270380,Low-importance,7409.0,186.0,265.0,183.0,22026.0,90.0,22026.0,17.0,1.0
532,Naked_Mile_(event),Q119770589,Low-importance,4174.0,18.0,50.0,51.0,15241.0,3469.0,15241.0,1.0,9.0
533,Naked_swimming,Q2179394,Low-importance,7432.0,42.0,611.0,138.0,23609.0,284.0,23609.0,6.0,2.0
534,Nap,Q5242962,Mid-importance,7260.0,761.0,709.0,519.0,48814.0,31842.0,48814.0,16.0,262.0
535,National_Health_Service,Q918396,High-importance,5693.0,17.0,71.0,50.0,8955.0,1799.0,8955.0,3.0,1.0
536,National_Health_Service_(England),Q16251481,High-importance,6998.0,46.0,70.0,61.0,4829.0,3493.0,4829.0,2.0,5.0
537,National_Institute_for_Occupational_Safety_and_Health,Q60346,Mid-importance,6380.0,90.0,94.0,72.0,15622.0,70421.0,15622.0,4.0,396.0
538,National_health_insurance,Q1519138,Mid-importance,6732.0,170.0,340.0,220.0,28095.0,1190.0,28095.0,2.0,5.0
539,Native_American_disease_and_epidemics,Q6979955,Mid-importance,6390.0,14.0,106.0,177.0,8412.0,558.0,8412.0,5.0,1.0
540,Nature's_Sunshine_Products,Q4045079,Low-importance,3504.0,33.0,68.0,263.0,55646.0,1045.0,55646.0,4.0,8.0
541,Neal_D._Barnard,Q6984087,Low-importance,7385.0,215.0,192.0,109.0,20898.0,32374.0,20898.0,0.0,250.0
542,Neurobiological_effects_of_physical_exercise,Q5347380,Mid-importance,7271.0,446.0,596.0,722.0,139650.0,6184.0,139650.0,32.0,45.0
543,Neutrogena,Q2451589,Low-importance,5345.0,890.0,575.0,350.0,83780.0,51173.0,83780.0,30.0,382.0
545,Nivea,Q337408,Low-importance,7977.0,5408.0,1185.0,1488.0,136998.0,74980.0,136998.0,70.0,456.0
549,Nova_classification,Q56320892,Mid-importance,7415.0,73.0,5.0,5.0,68.0,28522.0,68.0,0.0,224.0
550,Noxzema,Q7067326,Low-importance,3020.0,126.0,36.0,276.0,36592.0,372.0,36592.0,2.0,2.0
551,Nude_swimming,Q2179394,Low-importance,7856.0,199.0,1358.0,197.0,29606.0,39084.0,29606.0,45.0,327.0
552,Nutrilite,Q511601,Low-importance,5148.0,118.0,1175.0,891.0,184802.0,1052.0,184802.0,12.0,7.0
553,Obesity,Q12174,High-importance,5702.0,229.0,309.0,121.0,23895.0,270.0,23895.0,12.0,2.0
556,Obesity_in_Australia,Q7074848,Low-importance,2090.0,214.0,324.0,293.0,44234.0,1106451.0,44234.0,20.0,731.0
557,Obesity_in_China,Q7074853,Low-importance,7900.0,1015.0,455.0,715.0,35651.0,12801.0,35651.0,38.0,98.0
558,Obesity_in_Germany,Q7074854,Low-importance,7219.0,136.0,69.0,150.0,1891.0,194.0,1891.0,1.0,1.0
559,Obesity_in_Nauru,Q7074860,Low-importance,7963.0,427.0,883.0,403.0,23543.0,3175.0,23543.0,42.0,32.0
560,Obesity_in_the_Pacific,Q7074868,Mid-importance,4839.0,42.0,54.0,29.0,14765.0,506.0,14765.0,1.0,4.0
561,Occupational_burnout,Q327988,High-importance,7708.0,111.0,447.0,163.0,34391.0,768.0,34391.0,11.0,1.0
562,Occupational_health,Q629029,Low-importance,4218.0,49.0,401.0,819.0,215921.0,1263.0,215921.0,1.0,4.0
563,Occupational_safety_and_health,Q629029,Low-importance,7040.0,90.0,140.0,137.0,32714.0,686.0,32714.0,9.0,5.0
564,Occupational_stress,Q815298,Mid-importance,2122.0,28.0,1.0,5.0,92.0,1219.0,92.0,0.0,2.0
565,Occupational_therapy,Q380141,Low-importance,7632.0,25.0,81.0,23.0,4711.0,698.0,4711.0,6.0,6.0
566,One-repetition_maximum,Q59603,Low-importance,7971.0,1350.0,417.0,348.0,13326.0,3132.0,13326.0,30.0,32.0
567,One_weird_trick,Q22907464,Low-importance,7702.0,434.0,368.0,577.0,93065.0,2001.0,93065.0,44.0,18.0
568,One_weird_trick_advertisements,Q22907464,Low-importance,2080.0,1306.0,92.0,2894.0,333917.0,791.0,333917.0,0.0,1.0
569,Open_defecation,Q17072861,Low-importance,2052.0,1308.0,67.0,2690.0,285673.0,649.0,285673.0,1.0,1.0
570,Optum,Q30284383,Low-importance,1999.0,1302.0,71.0,3205.0,349884.0,176.0,349884.0,1.0,1.0
571,Oral_hygiene,Q13445028,Mid-importance,2054.0,1302.0,68.0,2847.0,284258.0,327.0,284258.0,1.0,1.0
572,Orangetheory_Fitness,Q25005163,Low-importance,2082.0,1306.0,98.0,2604.0,253689.0,568.0,253689.0,1.0,1.0
573,Orienteering,Q29358,Mid-importance,2055.0,1304.0,93.0,2375.0,186562.0,248.0,186562.0,1.0,1.0
574,Orthotics,Q59744853,Mid-importance,4634.0,41.0,250.0,115.0,21275.0,16512.0,21275.0,8.0,125.0
575,Oura_Health,Q65241898,Low-importance,3030.0,6.0,50.0,30.0,8294.0,9822.0,8294.0,0.0,22.0
576,Outdoor_recreation,Q968907,Low-importance,6008.0,3.0,18.0,18.0,2839.0,4424.0,2839.0,0.0,17.0
577,Overhead_press,Q3268839,Low-importance,7503.0,5.0,185.0,31.0,4966.0,1117.0,4966.0,8.0,7.0
578,Overtraining,Q334310,Low-importance,2699.0,3.0,32.0,31.0,9254.0,248.0,9254.0,0.0,2.0
579,Overweight,Q332428,High-importance,7694.0,57.0,97.0,110.0,10096.0,251.0,10096.0,6.0,3.0
580,P90X,Q4875834,Low-importance,5673.0,5.0,119.0,188.0,6160.0,195.0,6160.0,1.0,1.0
581,PHEIC,Q17076801,Low-importance,2486.0,74.0,393.0,248.0,53256.0,1224161.0,53256.0,13.0,731.0
582,Palaniappan_Manickam,Q122958490,Low-importance,5301.0,16.0,2.0,10.0,113.0,1026.0,113.0,0.0,19.0
583,Paleo_diet,Q533945,Mid-importance,8186.0,229.0,402.0,80.0,12782.0,48430.0,12782.0,45.0,362.0
584,Paleolithic_diet,Q533945,Mid-importance,5670.0,0.0,1.0,1.0,19.0,737.0,19.0,0.0,475.0
585,Pallor,Q2336398,Low-importance,8512.0,885.0,1599.0,747.0,80773.0,91960.0,80773.0,71.0,475.0
586,Palm_cooling,Q107360766,Low-importance,7236.0,77.0,150.0,41.0,7824.0,1661.0,7824.0,6.0,5.0
587,Passive_smoking,Q259516,High-importance,4860.0,479.0,298.0,616.0,52667.0,3010.0,52667.0,20.0,29.0
588,Patanjali_Ayurved,Q19856023,Low-importance,7561.0,286.0,534.0,272.0,38561.0,35882.0,38561.0,33.0,291.0
589,Patrick_Deuel,Q4162612,Low-importance,7173.0,207.0,328.0,537.0,87341.0,2489.0,87341.0,19.0,23.0
590,Paul_Kimelman,Q7151780,Low-importance,5939.0,11.0,2.0,1.0,85.0,597.0,85.0,0.0,34.0
591,Paul_M._Ellwood_Jr.,Q7152112,Low-importance,6961.0,145.0,195.0,97.0,11678.0,301.0,11678.0,19.0,3.0
594,Pedicure,Q1161133,Low-importance,7651.0,288.0,138.0,226.0,1748.0,1079.0,1748.0,4.0,8.0
595,Pedometer,Q648434,Mid-importance,5714.0,10.0,303.0,37.0,5442.0,2905.0,5442.0,2.0,22.0
599,Pepsodent,Q2709613,Low-importance,5055.0,196.0,34.0,160.0,3047.0,193.0,3047.0,2.0,1.0
600,Perineum_sunning,Q104834409,Low-importance,7447.0,127.0,88.0,178.0,32000.0,126.0,32000.0,3.0,1.0
601,Personal_trainer,Q762121,Mid-importance,7264.0,26.0,64.0,48.0,6954.0,24211.0,6954.0,6.0,155.0
602,Philips_Norelco,Q3343650,Low-importance,7159.0,167.0,151.0,190.0,35781.0,4021.0,35781.0,19.0,39.0
603,Photochemical_smog,Q169994,Mid-importance,6805.0,153.0,180.0,243.0,21674.0,111.0,21674.0,0.0,1.0
604,Physical_activity,Q747883,High-importance,1625.0,78.0,39.0,245.0,24880.0,19228.0,24880.0,7.0,141.0
605,Physical_culture,Q2997362,Mid-importance,8983.0,723.0,1542.0,735.0,85319.0,43018.0,85319.0,75.0,288.0
606,Physical_disability,Q1179623,Low-importance,6726.0,1246.0,1211.0,839.0,98848.0,59143.0,98848.0,54.0,436.0
607,Physical_fitness,Q309252,High-importance,726.0,226.0,1.0,5.0,78.0,5531.0,78.0,0.0,312.0
608,Physical_rehabilitation,Q186005,High-importance,5814.0,28.0,88.0,76.0,11904.0,3279.0,11904.0,6.0,2.0
609,Physical_strength,Q1785966,Low-importance,8166.0,770.0,1171.0,1108.0,146498.0,23382.0,146498.0,27.0,193.0
610,Physical_therapy,Q186005,High-importance,6257.0,307.0,187.0,413.0,19224.0,1306.0,19224.0,9.0,13.0
611,Phytosterol,Q412457,Low-importance,3483.0,285.0,63.0,430.0,30542.0,132.0,30542.0,7.0,1.0
612,Plain_tobacco_packaging,Q1582778,Mid-importance,6724.0,14.0,127.0,27.0,8957.0,193.0,8957.0,0.0,1.0
613,Planet_Fitness,Q7201095,Low-importance,8579.0,937.0,2602.0,350.0,47142.0,245401.0,47142.0,143.0,679.0
615,Plyometrics,Q1425021,High-importance,7238.0,338.0,83.0,416.0,10912.0,459.0,10912.0,1.0,1.0
616,Pole_dance,Q218998,Low-importance,364.0,5.0,1.0,5.0,85.0,253.0,85.0,0.0,7.0
617,Post_Holdings,Q27988145,Low-importance,4746.0,6.0,124.0,100.0,26375.0,227.0,26375.0,18.0,2.0
618,Powder,Q2908004,Mid-importance,4642.0,60.0,184.0,140.0,21602.0,4253.0,21602.0,0.0,25.0
619,Prancercise,Q16927760,Low-importance,2542.0,4.0,31.0,56.0,15098.0,2015.0,15098.0,0.0,5.0
620,Preferred_walking_speed,Q7239848,Low-importance,7571.0,1042.0,685.0,273.0,46949.0,20043.0,46949.0,28.0,178.0
622,Prevalence_of_tobacco_use,Q7242345,Mid-importance,7930.0,265.0,151.0,350.0,19161.0,5250.0,19161.0,17.0,19.0
623,Preventive_healthcare,Q1773974,High-importance,6131.0,222.0,93.0,323.0,13240.0,156.0,13240.0,1.0,1.0
624,Primary_health_care,Q623543,High-importance,7646.0,1157.0,656.0,479.0,42866.0,3639.0,42866.0,39.0,35.0
625,Prior_authorization,Q17514788,Low-importance,7234.0,109.0,266.0,151.0,20087.0,221.0,20087.0,5.0,2.0
626,Proactiv,Q6125565,Low-importance,7713.0,490.0,410.0,214.0,19680.0,106.0,19680.0,18.0,1.0
627,Product_Red,Q624601,Mid-importance,7669.0,479.0,988.0,262.0,48346.0,69358.0,48346.0,40.0,456.0
628,Professional_fitness_coach,Q8563456,Low-importance,7923.0,171.0,774.0,219.0,19505.0,66497.0,19505.0,25.0,453.0
630,Project_SCUM,Q7249304,Low-importance,7555.0,567.0,615.0,663.0,69556.0,9276.0,69556.0,34.0,86.0
631,Pronation_of_the_foot,Q7249910,Low-importance,7679.0,520.0,998.0,662.0,84830.0,92252.0,84830.0,28.0,466.0
632,Protandim,Q7251172,Low-importance,8202.0,310.0,961.0,379.0,67734.0,5131.0,67734.0,28.0,45.0
633,Protein-sparing_modified_fast_(diet),Q15965728,Low-importance,7805.0,148.0,614.0,223.0,27609.0,15698.0,27609.0,27.0,146.0
635,Protein_quality,Q25105257,Mid-importance,5736.0,431.0,280.0,515.0,44127.0,93.0,44127.0,9.0,1.0
636,Providence_Health_&_Services,Q7252430,Low-importance,4652.0,343.0,128.0,406.0,35423.0,136.0,35423.0,2.0,1.0
637,Psychological_resilience,Q4105337,Mid-importance,1043.0,1.0,16.0,18.0,5069.0,91.0,5069.0,0.0,1.0
638,Psychological_stress,Q3500368,Mid-importance,7720.0,27.0,6.0,1.0,45.0,300.0,45.0,0.0,331.0
640,Public_Health_Cigarette_Smoking_Act,Q7257397,Low-importance,7515.0,171.0,118.0,195.0,10802.0,93.0,10802.0,5.0,1.0
641,Public_health,Q189603,Mid-importance,8159.0,301.0,1445.0,592.0,123083.0,50198.0,123083.0,48.0,331.0
642,Public_health_emergency_(United_States),Q7257745,High-importance,6921.0,239.0,307.0,182.0,9008.0,143.0,9008.0,12.0,1.0
643,Public_health_emergency_of_international_concern,Q17076801,Low-importance,7166.0,164.0,219.0,180.0,2800.0,4679.0,2800.0,2.0,10.0
645,Public_intoxication,Q7887424,Low-importance,7945.0,30.0,229.0,139.0,32571.0,98449.0,32571.0,0.0,315.0
647,Pull-up_(exercise),Q1048487,Low-importance,7948.0,14.0,117.0,47.0,6290.0,39025.0,6290.0,3.0,6.0
649,"Pure,_White_and_Deadly",Q39050654,Low-importance,8058.0,41.0,367.0,69.0,17636.0,11521.0,17636.0,18.0,21.0
650,Push-up,Q320575,High-importance,3176.0,17.0,2.0,2.0,91.0,426.0,91.0,0.0,33.0
651,Qnet,Q12912209,Low-importance,7196.0,277.0,260.0,382.0,51030.0,12512.0,51030.0,18.0,33.0
652,Quantified_self,Q1337542,Low-importance,7260.0,430.0,160.0,684.0,40493.0,2133.0,40493.0,13.0,20.0
653,RICE_(medicine),Q1115133,Mid-importance,7054.0,123.0,140.0,298.0,10918.0,117.0,10918.0,12.0,1.0
654,Race_and_health_in_the_United_States,Q7278942,High-importance,7933.0,40.0,265.0,36.0,5530.0,19970.0,5530.0,10.0,169.0
655,Rachel_Levine,Q57297528,Low-importance,3991.0,98.0,3.0,5.0,77.0,4109.0,77.0,0.0,337.0
656,Radioactive_contamination,Q817114,Low-importance,4561.0,1491.0,654.0,2151.0,127425.0,57771.0,127425.0,63.0,337.0
657,Radox,Q7281681,Low-importance,7696.0,403.0,550.0,1162.0,193615.0,69237.0,193615.0,38.0,66.0
659,Razor,Q13422881,Low-importance,3228.0,2.0,35.0,32.0,8472.0,318.0,8472.0,0.0,1.0
660,Rebound_exercise,Q3931260,Low-importance,1940.0,3.0,24.0,47.0,13878.0,215.0,13878.0,0.0,1.0
661,Recess_(break),Q176274,Mid-importance,5432.0,21.0,330.0,70.0,15914.0,2494.0,15914.0,6.0,17.0
662,Regulation_of_electronic_cigarettes,Q18206812,Low-importance,4082.0,2.0,14.0,24.0,5729.0,108.0,5729.0,0.0,1.0
663,Relative_energy_deficiency_in_sport,Q755630,Mid-importance,7359.0,156.0,176.0,196.0,10894.0,515.0,10894.0,2.0,1.0
664,Remington_Products,Q825258,Low-importance,2583.0,29.0,22.0,103.0,32084.0,180.0,32084.0,0.0,1.0
665,Resistance_band,Q2882175,Low-importance,2257.0,85.0,42.0,133.0,15846.0,116.0,15846.0,9.0,1.0
666,Resort,Q875157,High-importance,6441.0,12.0,69.0,38.0,7638.0,2186.0,7638.0,4.0,2.0
667,Respirator,Q271779,High-importance,1959.0,26.0,44.0,129.0,39350.0,166.0,39350.0,0.0,1.0
668,Responses_to_the_COVID-19_pandemic_in_April_2020,Q96401587,Low-importance,6662.0,1733.0,401.0,581.0,40636.0,74810.0,40636.0,68.0,446.0
669,Responses_to_the_COVID-19_pandemic_in_February_2020,Q94381343,Low-importance,7425.0,18.0,66.0,38.0,5877.0,777.0,5877.0,0.0,10.0
670,Responses_to_the_COVID-19_pandemic_in_July_2020,Q96731877,Low-importance,784.0,2.0,1.0,5.0,72.0,5500.0,72.0,0.0,10.0
671,Responses_to_the_COVID-19_pandemic_in_June_2020,Q96731773,Low-importance,7437.0,38.0,332.0,134.0,17962.0,1311.0,17962.0,1.0,3.0
672,Responses_to_the_COVID-19_pandemic_in_March_2020,Q89487202,Low-importance,7359.0,224.0,311.0,196.0,4712.0,56248.0,4712.0,20.0,422.0
673,Responses_to_the_COVID-19_pandemic_in_May_2020,Q94141388,Low-importance,7603.0,18.0,128.0,39.0,5057.0,494.0,5057.0,0.0,2.0
675,Rich_Froning_Jr.,Q15069763,Low-importance,7352.0,314.0,240.0,203.0,51830.0,15258.0,51830.0,2.0,121.0
677,Rishi_Shah,Q38034475,Low-importance,7681.0,262.0,891.0,580.0,170003.0,651.0,170003.0,12.0,6.0
678,Rock_fever,Q108101510,Low-importance,8574.0,1429.0,3698.0,1629.0,134287.0,68618.0,134287.0,55.0,456.0
679,Rosalie_Bradford,Q4097406,Low-importance,8711.0,450.0,2373.0,463.0,47021.0,81163.0,47021.0,66.0,469.0
681,Ruth_Zukerman,Q56274586,Low-importance,4015.0,12.0,83.0,41.0,5029.0,57553.0,5029.0,2.0,262.0
682,SSL_International,Q1675535,Low-importance,7372.0,21.0,332.0,93.0,11837.0,15325.0,11837.0,8.0,64.0
683,Sack_tapping,Q7396812,Low-importance,6890.0,5.0,113.0,24.0,2831.0,2043.0,2831.0,0.0,11.0
684,Sackler_family,Q61911512,Low-importance,8428.0,351.0,1536.0,479.0,35792.0,10558.0,35792.0,88.0,95.0
685,Safe_injection_site,Q1259963,Low-importance,8428.0,417.0,2226.0,540.0,62660.0,46597.0,62660.0,78.0,337.0
686,Saponification,Q335024,Mid-importance,8377.0,148.0,1231.0,81.0,12095.0,777.0,12095.0,80.0,7.0
687,Saun,Q57036,Mid-importance,5329.0,16.0,105.0,34.0,7244.0,16049.0,7244.0,4.0,91.0
688,Sauna,Q57036,Mid-importance,4020.0,1180.0,214.0,1252.0,177687.0,30409.0,177687.0,12.0,210.0
689,Schick_(razors),Q2911846,Low-importance,7882.0,225.0,734.0,97.0,23347.0,5565.0,23347.0,34.0,21.0
690,Screen_time,Q28130149,Low-importance,6956.0,252.0,110.0,354.0,8911.0,270.0,8911.0,14.0,1.0
691,Sedentary_lifestyle,Q1349358,Mid-importance,7280.0,24.0,386.0,143.0,36345.0,98.0,36345.0,1.0,1.0
692,Self-care,Q4519653,Mid-importance,6889.0,1007.0,4.0,7.0,80.0,234861.0,80.0,0.0,731.0
693,Senate_HELP_Committee,Q2495438,Low-importance,8725.0,2373.0,2404.0,748.0,99708.0,372953.0,99708.0,94.0,731.0
694,Sensodyne,Q2046939,Low-importance,3815.0,93.0,171.0,308.0,59771.0,70753.0,59771.0,24.0,407.0
696,Serving_His_Children,Q105563991,Low-importance,7495.0,11.0,1.0,1.0,32.0,302371.0,32.0,0.0,666.0
698,Sex_workers'_rights,Q7458549,Low-importance,7527.0,734.0,860.0,717.0,97395.0,543840.0,97395.0,30.0,666.0
699,Sexercise,Q7458563,Low-importance,8523.0,2333.0,730.0,555.0,58762.0,136048.0,58806.0,32.0,484.0
700,Shake_Weight,Q2276502,Low-importance,7950.0,377.0,205.0,329.0,53803.0,247.0,53803.0,3.0,3.0
701,Shampoo,Q180204,Low-importance,1823.0,188.0,1.0,5.0,131.0,229.0,131.0,0.0,3.0
702,Shavasana,Q2019129,Mid-importance,7820.0,569.0,207.0,267.0,37275.0,5426.0,37275.0,5.0,34.0
703,Shower_gel,Q1267611,Low-importance,7925.0,946.0,1884.0,386.0,62596.0,73197.0,62596.0,27.0,447.0
704,Sick_baby_hoax,Q7507594,Low-importance,1096.0,6.0,23.0,106.0,24936.0,146.0,24936.0,0.0,1.0
705,Side_collision,Q1427114,Low-importance,8009.0,316.0,446.0,383.0,24346.0,2050.0,24346.0,21.0,14.0
707,Sitz_bath,Q7532190,Low-importance,7568.0,102.0,537.0,280.0,36463.0,368.0,36463.0,4.0,3.0
708,Skin_care,Q1294114,Mid-importance,7766.0,119.0,508.0,171.0,33379.0,157866.0,33379.0,29.0,485.0
709,Slave_health_on_plantations_in_the_United_States,Q7539187,Low-importance,6588.0,157.0,121.0,347.0,6283.0,981.0,6283.0,17.0,2.0
710,Slipping_rib_syndrome,Q3508629,Low-importance,8136.0,1350.0,448.0,1515.0,24239.0,172901.0,24239.0,24.0,522.0
712,Smog,Q169994,Mid-importance,8799.0,3569.0,5472.0,2871.0,201510.0,110761.0,201510.0,98.0,676.0
713,Smoking,Q662860,High-importance,4584.0,101.0,237.0,205.0,27619.0,551.0,27619.0,4.0,3.0
714,Smoking_age,Q7546043,Mid-importance,6411.0,102.0,97.0,150.0,22002.0,220.0,22002.0,2.0,1.0
715,Smoking_and_Health,Q1247555,Mid-importance,5760.0,16.0,129.0,196.0,15561.0,407.0,15561.0,0.0,3.0
718,Smoking_cessation,Q2462253,Low-importance,2872.0,4.0,16.0,10.0,2659.0,674.0,2659.0,1.0,4.0
719,Smoking_in_Japan,Q5365087,Low-importance,1506.0,5.0,45.0,104.0,19352.0,13787.0,19352.0,0.0,34.0
720,Smoking_in_North_Korea,Q28130436,Low-importance,3994.0,95.0,39.0,115.0,4261.0,541.0,4261.0,0.0,2.0
721,Snap_Fitness,Q7547254,Low-importance,8882.0,923.0,1357.0,668.0,58995.0,7265.0,58995.0,63.0,59.0
722,Soap,Q34396,High-importance,8205.0,80.0,182.0,173.0,6381.0,345.0,6381.0,20.0,2.0
723,Social_determinants_of_health,Q3045352,Mid-importance,7869.0,1722.0,516.0,373.0,41032.0,1621.0,41032.0,42.0,11.0
725,Socialist_Health_Association,Q15995477,Low-importance,7443.0,11.0,74.0,36.0,5183.0,272.0,5183.0,11.0,1.0
726,Societal_impacts_of_cars,Q2215004,Low-importance,7739.0,432.0,326.0,85.0,13892.0,44769.0,13892.0,11.0,356.0
728,Sophrology,Q1263718,Low-importance,6983.0,5.0,6.0,6.0,57.0,1846.0,57.0,0.0,519.0
729,SoulCycle,Q17084730,Low-importance,8036.0,761.0,1903.0,439.0,51034.0,126961.0,51034.0,42.0,519.0
730,Southwest_Detroit_Hospital,Q60766583,Low-importance,7438.0,84.0,373.0,127.0,5076.0,828.0,5076.0,0.0,6.0
731,Spa,Q1341387,High-importance,4750.0,354.0,62.0,93.0,17058.0,2723.0,17058.0,5.0,26.0
732,Spa_town,Q4946461,Low-importance,7050.0,23.0,117.0,82.0,15924.0,1395.0,15924.0,2.0,7.0
733,Space_adaptation_syndrome,Q1365937,Low-importance,5992.0,16.0,99.0,77.0,13414.0,10218.0,13414.0,0.0,17.0
735,Spins,Q112078332,Low-importance,1439.0,414.0,11.0,519.0,16549.0,1868.0,16549.0,0.0,14.0
736,Sports_medicine,Q840545,Mid-importance,3994.0,8.0,55.0,35.0,5967.0,96.0,5967.0,3.0,1.0
737,Sports_periodization,Q7579936,Mid-importance,3797.0,5.0,23.0,38.0,6087.0,169.0,6087.0,0.0,1.0
738,Sports_science,Q1298380,High-importance,5153.0,8.0,44.0,52.0,7263.0,2836.0,7263.0,4.0,13.0
739,Squat_(exercise),Q1755746,High-importance,7670.0,297.0,1605.0,522.0,54249.0,1191.0,54249.0,22.0,11.0
741,Squat_toilet,Q1363734,Low-importance,7136.0,395.0,205.0,812.0,78557.0,281.0,78557.0,4.0,2.0
742,Starvation_response,Q14901436,Low-importance,1853.0,1.0,12.0,49.0,12390.0,267.0,12390.0,0.0,1.0
744,Straight_razor,Q597040,Low-importance,8824.0,4755.0,3240.0,1872.0,151089.0,606990.0,151089.0,135.0,731.0
745,Strength_training,Q12834857,Mid-importance,2534.0,787.0,167.0,1178.0,105306.0,4324.0,105306.0,9.0,42.0
746,Stress_management,Q1404268,High-importance,4204.0,103.0,178.0,179.0,23704.0,2947.0,23704.0,3.0,28.0
747,Stretching,Q1183039,High-importance,502.0,1.0,1.0,6.0,59.0,127.0,59.0,0.0,2.0
748,Strigil,Q282837,Low-importance,7250.0,154.0,906.0,142.0,22096.0,42089.0,22096.0,37.0,333.0
749,Suicide_in_India,Q7635378,Low-importance,5232.0,23.0,291.0,114.0,24173.0,181047.0,24173.0,22.0,695.0
750,Suicide_in_the_United_Kingdom,Q16154904,Low-importance,,,,,,,,,
751,Suicide_of_Sophia,Q116814600,Low-importance,,,,,,,,,
752,Sun_protection_factor,Q827658,High-importance,,,,,,,,,
753,Sun_tanning,Q321458,Low-importance,,,,,,,,,
754,Sunlight_(cleaning_product),Q7640482,Low-importance,,,,,,,,,
755,Sunscreen,Q827658,High-importance,,,,,,,,,
756,Sunsilk,Q596546,Low-importance,,,,,,,,,
758,Supersize,Q1566840,Low-importance,,,,,,,,,
759,Supervised_injection_site,Q1259963,Low-importance,,,,,,,,,
760,Susan_Powter,Q7648301,Low-importance,,,,,,,,,
761,Swaddling,Q130044,Low-importance,,,,,,,,,
762,Swarfega,Q7653861,Low-importance,,,,,,,,,
763,Swimming_pool_sanitation,Q1511642,Low-importance,,,,,,,,,
764,Swimming_stroke,Q1154385,Low-importance,,,,,,,,,
765,Sylvia_Burwell,Q12014326,Low-importance,,,,,,,,,
766,Sylvia_Mathews_Burwell,Q12014326,Low-importance,,,,,,,,,
767,T._Colin_Campbell,Q900850,Low-importance,,,,,,,,,
769,Tadasana,Q196299,Mid-importance,,,,,,,,,
770,Tae_Bo,Q2165726,Low-importance,,,,,,,,,
775,Tedros_Adhanom,Q16196017,High-importance,,,,,,,,,
776,Tedros_Adhanom_Ghebreyesus,Q16196017,High-importance,,,,,,,,,
777,Telehealth,Q46994,Low-importance,,,,,,,,,
778,Terry_Huang,Q59617875,Low-importance,,,,,,,,,
779,The_Art_of_Massage,Q30078048,Low-importance,,,,,,,,,
780,The_Association_of_Licentiates_of_Medical_Council_of_Hong_Kong,Q99131123,Low-importance,,,,,,,,,
781,The_Beachbody_Company,Q4875834,Low-importance,,,,,,,,,
782,The_Body_Book,Q18389306,Low-importance,,,,,,,,,
783,The_Cambridge_Diet,Q3132857,Low-importance,,,,,,,,,
785,The_New_Jewish_Home,Q30280291,Low-importance,,,,,,,,,
786,The_Oath_of_Love,Q76823546,Low-importance,,,,,,,,,
788,The_Story_of_Menstruation,Q2414470,Low-importance,,,,,,,,,
789,The_World_Deadlift_Championships,Q98078261,Low-importance,,,,,,,,,
790,Therapy,Q179661,Low-importance,,,,,,,,,
791,ThighMaster,Q7784123,High-importance,,,,,,,,,
792,Thighmaster,Q7784123,High-importance,,,,,,,,,
795,This_Is_Your_Brain_on_Drugs,Q7785995,Low-importance,,,,,,,,,
796,Throat_lozenge,Q1788872,Low-importance,,,,,,,,,
797,Time_for_Timer,Q7805309,Low-importance,,,,,,,,,
798,Tobacco,Q1566,Low-importance,,,,,,,,,
799,Tobacco_Master_Settlement_Agreement,Q17112596,Low-importance,,,,,,,,,
800,Tobacco_consumption_by_country,Q7242345,Mid-importance,,,,,,,,,
801,Tobacco_packaging_warning_messages,Q2874247,Low-importance,,,,,,,,,
802,Tobacco_smoking,Q7212330,High-importance,,,,,,,,,
803,Toilet_paper,Q5840,Low-importance,,,,,,,,,
804,Tom's_of_Maine,Q7814699,Low-importance,,,,,,,,,
806,Tony_Horton_(personal_trainer),Q7822596,Low-importance,,,,,,,,,
807,Tony_Little,Q7822795,Low-importance,,,,,,,,,
808,Tooth_Tunes,Q7824253,Low-importance,,,,,,,,,
809,Toothbrush,Q134205,High-importance,,,,,,,,,
810,Toothpaste,Q35855,High-importance,,,,,,,,,
811,Towel,Q131696,Mid-importance,,,,,,,,,
812,Tracy_Anderson,Q7831678,Low-importance,,,,,,,,,
813,Transgender_health_care,Q28130218,Mid-importance,,,,,,,,,
814,Treadmill,Q839144,Low-importance,,,,,,,,,
815,Tree_pose,Q639721,Mid-importance,,,,,,,,,
816,Truth_(anti-tobacco_campaign),Q7711659,Low-importance,,,,,,,,,
817,Typhoid,Q83319,Low-importance,,,,,,,,,
818,Typhoid_fever,Q83319,Low-importance,,,,,,,,,
819,Ultra-processed_food,Q48931140,Mid-importance,,,,,,,,,
821,Unisex_public_toilet,Q24922,Low-importance,,,,,,,,,
822,UnitedHealth,Q2103926,High-importance,,,,,,,,,
823,UnitedHealthCare,Q2103926,High-importance,,,,,,,,,
824,UnitedHealth_Group,Q2103926,High-importance,,,,,,,,,
826,United_States_Department_of_Veterans_Affairs,Q592576,Low-importance,,,,,,,,,
827,"United_States_Senate_Committee_on_Agriculture,_Nutrition,_and_Forestry",Q7891257,Low-importance,,,,,,,,,
828,"United_States_Senate_Committee_on_Agriculture,_Nutrition_and_Forestry",Q7891257,Low-importance,,,,,,,,,
829,"United_States_Senate_Committee_on_Health,_Education,_Labor_and_Pensions",Q2495438,Low-importance,,,,,,,,,
830,Universal_health_care,Q3274205,Mid-importance,,,,,,,,,
831,University_of_Colorado_Physical_Therapy_Program,Q125421431,Low-importance,,,,,,,,,
832,Unlicensed_assistive_personnel,Q1078096,Low-importance,,,,,,,,,
833,Urban_green_space,Q22652,Low-importance,,,,,,,,,
834,Usana_Health_Sciences,Q2502355,Mid-importance,,,,,,,,,
835,VO2_max,Q60354,High-importance,,,,,,,,,
836,Vajrasana_(yoga),Q2043002,Mid-importance,,,,,,,,,
837,Valsalva_maneuver,Q1427231,Mid-importance,,,,,,,,,
838,Vegetarian,Q83364,Mid-importance,,,,,,,,,
839,Vegetarianism,Q83364,Mid-importance,,,,,,,,,
840,Vemma,Q14680767,Low-importance,,,,,,,,,
841,Ventilated_cigarette,Q6546512,Mid-importance,,,,,,,,,
842,Veradigm,Q4733274,Low-importance,,,,,,,,,
843,Very-low-calorie_diet,Q4310180,Mid-importance,,,,,,,,,
844,Vestibular_rehabilitation,Q60742850,Low-importance,,,,,,,,,
845,Vibrating_belt_machine,Q47529319,Low-importance,,,,,,,,,
847,Vin_Gupta_(pulmonologist),Q110620404,Low-importance,,,,,,,,,
848,WakeUpNow,Q19866297,Low-importance,,,,,,,,,
849,Walking,Q6537379,High-importance,,,,,,,,,
850,Washing,Q23841,High-importance,,,,,,,,,
851,Water_supply,Q1061108,Low-importance,,,,,,,,,
852,Watkins_Incorporated,Q7974706,Low-importance,,,,,,,,,
853,Wayne_McLaren,Q1349807,Low-importance,,,,,,,,,
854,WebMD,Q3536160,Mid-importance,,,,,,,,,
855,Weight-loss,Q718113,High-importance,,,,,,,,,
856,Weight_Loss,Q718113,High-importance,,,,,,,,,
859,Weight_loss,Q718113,High-importance,,,,,,,,,
860,Weight_loss_camp,Q17075504,Mid-importance,,,,,,,,,
862,Weightlifting,Q114397581,High-importance,,,,,,,,,
863,WellCare,Q7981065,Low-importance,,,,,,,,,
864,Wendell_Potter,Q7982468,Low-importance,,,,,,,,,
865,Wet-bulb_conditions,Q107739565,Low-importance,,,,,,,,,
867,Will_Bulsiewicz,Q110404137,Low-importance,,,,,,,,,
868,William_Addis_(entrepreneur),Q18716080,Low-importance,,,,,,,,,
869,William_R._Frist,Q20740866,Low-importance,,,,,,,,,
870,Winter-over_syndrome,Q8026184,Low-importance,,,,,,,,,
871,Wireless_device_radiation_and_health,Q612254,Low-importance,,,,,,,,,
872,Workaholic,Q629149,Mid-importance,,,,,,,,,
873,Workplace_wellness,Q17090349,Low-importance,,,,,,,,,
875,Worldwide_Roar_(organization),Q104870664,Low-importance,,,,,,,,,
876,Wrexham_and_East_Denbighshire_War_Memorial_Hospital,Q123807853,Low-importance,,,,,,,,,
877,Yoga,Q9350,High-importance,,,,,,,,,
878,Yoga_as_exercise,Q65091595,High-importance,,,,,,,,,
879,Young_Living,Q18067581,Low-importance,,,,,,,,,
880,Zero_emission_zone,Q647266,High-importance,,,,,,,,,
881,Zumba,Q229680,Mid-importance,,,,,,,,,
882,Zyzz,Q2618609,Mid-importance,,,,,,,,,
7,,,,3276.0,60.0,91.0,77.0,18413.0,5202.0,18413.0,2.0,16.0
11,,,,8139.0,321.0,1160.0,279.0,33424.0,57567.0,33424.0,32.0,410.0
14,,,,5859.0,1709.0,1944.0,1628.0,391358.0,678110.0,391358.0,29.0,731.0
43,,,,8111.0,405.0,521.0,407.0,36198.0,15256.0,36198.0,48.0,143.0
47,,,,7463.0,127.0,147.0,20.0,2411.0,111.0,2411.0,8.0,72.0
55,,,,7675.0,184.0,283.0,268.0,10526.0,492.0,10526.0,20.0,4.0
59,,,,6263.0,8.0,35.0,29.0,4551.0,235.0,4551.0,0.0,2.0
75,,,,2486.0,3.0,45.0,80.0,20576.0,176.0,20576.0,1.0,1.0
76,,,,7736.0,79.0,305.0,134.0,14487.0,106.0,14487.0,17.0,1.0
86,,,,6911.0,168.0,372.0,167.0,12455.0,352556.0,12455.0,29.0,647.0
90,,,,6788.0,124.0,414.0,284.0,32391.0,6507.0,32391.0,15.0,62.0
112,,,,8558.0,697.0,10.0,7.0,109.0,2716.0,109.0,0.0,730.0
115,,,,7739.0,37.0,2.0,1.0,27.0,1123.0,27.0,0.0,427.0
127,,,,7270.0,59.0,439.0,107.0,5630.0,183.0,5630.0,11.0,2.0
140,,,,3398.0,57.0,16.0,84.0,10323.0,292.0,10323.0,0.0,1.0
152,,,,7058.0,20.0,212.0,75.0,16790.0,111.0,16790.0,3.0,1.0
157,,,,8757.0,457.0,2081.0,314.0,59472.0,72884.0,59472.0,22.0,464.0
158,,,,8041.0,126.0,1309.0,225.0,24261.0,108897.0,24261.0,76.0,462.0
163,,,,7158.0,439.0,272.0,546.0,18195.0,9952.0,18195.0,7.0,54.0
172,,,,7633.0,177.0,380.0,74.0,3942.0,8037.0,3942.0,17.0,59.0
173,,,,7235.0,383.0,223.0,269.0,26441.0,2110.0,26441.0,23.0,16.0
180,,,,7610.0,162.0,544.0,221.0,20739.0,2362.0,20739.0,23.0,152.0
184,,,,1316.0,2.0,40.0,156.0,21807.0,159.0,21807.0,1.0,1.0
186,,,,8845.0,1534.0,1620.0,1902.0,70414.0,639728.0,70414.0,65.0,731.0
192,,,,4820.0,154.0,877.0,243.0,42229.0,486035.0,42229.0,14.0,729.0
194,,,,4833.0,739.0,445.0,866.0,118753.0,1707.0,118753.0,17.0,6.0
199,,,,6742.0,451.0,2464.0,996.0,176789.0,298342.0,176789.0,64.0,655.0
200,,,,7105.0,19.0,111.0,107.0,18154.0,1028.0,18154.0,8.0,2.0
201,,,,901.0,10.0,25.0,120.0,30108.0,5947.0,30108.0,1.0,11.0
203,,,,7755.0,490.0,451.0,265.0,16797.0,14049.0,16797.0,29.0,133.0
208,,,,6610.0,45.0,223.0,67.0,12606.0,28991.0,12606.0,2.0,221.0
211,,,,8325.0,755.0,2180.0,817.0,85909.0,252914.0,85909.0,76.0,702.0
217,,,,7778.0,456.0,760.0,433.0,53343.0,38281.0,53343.0,17.0,80.0
231,,,,5003.0,83.0,263.0,123.0,22139.0,314.0,22139.0,6.0,3.0
232,,,,7872.0,311.0,790.0,977.0,119237.0,4496.0,119237.0,40.0,39.0
234,,,,5733.0,7.0,110.0,1.0,28.0,1617.0,28.0,0.0,12.0
248,,,,7242.0,87.0,76.0,94.0,5139.0,133.0,5139.0,2.0,1.0
257,,,,7694.0,25.0,101.0,31.0,3767.0,91.0,3767.0,3.0,1.0
258,,,,6754.0,33.0,213.0,74.0,10859.0,94526.0,10859.0,15.0,450.0
270,,,,2473.0,4.0,40.0,180.0,12836.0,758.0,12836.0,0.0,5.0
273,,,,5890.0,15.0,55.0,54.0,19261.0,1318.0,19261.0,1.0,3.0
280,,,,6499.0,264.0,256.0,325.0,41632.0,284.0,41632.0,7.0,3.0
290,,,,5000.0,70.0,19.0,237.0,6093.0,126.0,6093.0,2.0,1.0
300,,,,8762.0,452.0,360.0,276.0,51381.0,645.0,51381.0,22.0,5.0
305,,,,5000.0,83.0,31.0,92.0,12029.0,113.0,12029.0,3.0,1.0
313,,,,7841.0,224.0,1361.0,513.0,90295.0,143582.0,90295.0,32.0,511.0
315,,,,7932.0,72.0,3.0,10.0,62.0,339.0,62.0,0.0,370.0
316,,,,8429.0,4387.0,1082.0,656.0,56246.0,47801.0,56246.0,62.0,370.0
317,,,,5388.0,13.0,247.0,69.0,10799.0,197.0,10799.0,6.0,2.0
333,,,,4060.0,417.0,555.0,346.0,17623.0,23654.0,17623.0,47.0,42.0
335,,,,7233.0,25.0,147.0,69.0,9759.0,714.0,9759.0,0.0,4.0
349,,,,8520.0,666.0,431.0,1161.0,29327.0,79049.0,29327.0,43.0,458.0
363,,,,8370.0,671.0,754.0,426.0,25362.0,69145.0,25362.0,44.0,456.0
365,,,,7749.0,581.0,5502.0,1183.0,165514.0,351536.0,165514.0,16.0,679.0
367,,,,5615.0,108.0,193.0,199.0,39543.0,953.0,39543.0,3.0,6.0
368,,,,6936.0,364.0,80.0,23.0,2182.0,3334.0,2182.0,30.0,30.0
370,,,,8050.0,35.0,384.0,136.0,19929.0,289.0,19929.0,21.0,3.0
378,,,,5842.0,103.0,175.0,327.0,19259.0,56420.0,19259.0,2.0,418.0
385,,,,6655.0,4.0,78.0,22.0,4423.0,121.0,4423.0,2.0,1.0
390,,,,8810.0,2856.0,2968.0,1533.0,217619.0,43185.0,217619.0,94.0,731.0
391,,,,7695.0,182.0,320.0,184.0,35978.0,26908.0,35978.0,7.0,186.0
397,,,,3749.0,7.0,38.0,42.0,7184.0,146.0,7184.0,1.0,1.0
403,,,,4345.0,147.0,140.0,250.0,24273.0,8733.0,24273.0,2.0,15.0
404,,,,7739.0,359.0,427.0,366.0,42451.0,113642.0,42451.0,22.0,489.0
406,,,,8588.0,2052.0,947.0,743.0,120158.0,194105.0,120158.0,26.0,555.0
410,,,,8577.0,337.0,487.0,332.0,75321.0,463.0,75321.0,0.0,3.0
417,,,,8950.0,2017.0,2080.0,1370.0,211271.0,511180.0,211271.0,119.0,731.0
418,,,,7758.0,3266.0,1954.0,1327.0,140044.0,249151.0,140044.0,69.0,620.0
421,,,,5023.0,13.0,31.0,42.0,4698.0,800.0,4698.0,1.0,2.0
422,,,,5611.0,428.0,268.0,748.0,40665.0,56390.0,40665.0,12.0,338.0
435,,,,6484.0,0.0,4.0,1.0,21.0,254.0,21.0,0.0,5.0
446,,,,7094.0,1.0,3.0,8.0,88.0,144.0,88.0,0.0,4.0
449,,,,7155.0,476.0,280.0,318.0,53464.0,316.0,53464.0,4.0,4.0
459,,,,5916.0,309.0,430.0,657.0,71569.0,54325.0,71569.0,4.0,391.0
465,,,,811.0,13.0,21.0,186.0,28234.0,7317.0,28234.0,9.0,59.0
475,,,,6067.0,874.0,342.0,521.0,110271.0,58354.0,110271.0,47.0,396.0
477,,,,7897.0,4303.0,1211.0,3024.0,216431.0,30914.0,216431.0,37.0,242.0
478,,,,6063.0,781.0,244.0,1085.0,76225.0,405.0,76225.0,21.0,3.0
481,,,,3670.0,1.0,45.0,5.0,49.0,448.0,49.0,0.0,3.0
486,,,,3552.0,26.0,116.0,82.0,16890.0,31224.0,16890.0,0.0,248.0
544,,,,7608.0,43.0,101.0,239.0,12385.0,4933.0,12385.0,1.0,4.0
546,,,,6074.0,54.0,56.0,53.0,7784.0,121.0,7784.0,0.0,1.0
547,,,,4237.0,69.0,263.0,300.0,75291.0,21383.0,75291.0,30.0,56.0
548,,,,7462.0,407.0,282.0,384.0,30052.0,4405.0,30052.0,4.0,36.0
554,,,,7016.0,85.0,273.0,116.0,15561.0,9842.0,15561.0,9.0,38.0
555,,,,5548.0,784.0,244.0,2156.0,221820.0,14386.0,221820.0,2.0,5.0
592,,,,1777.0,5.0,40.0,56.0,16191.0,45018.0,16191.0,0.0,49.0
593,,,,6529.0,1566.0,256.0,860.0,90868.0,480.0,90868.0,18.0,3.0
596,,,,8588.0,729.0,1547.0,773.0,40918.0,47939.0,40918.0,73.0,345.0
597,,,,6962.0,115.0,174.0,356.0,11560.0,30661.0,11560.0,21.0,272.0
598,,,,7145.0,45.0,196.0,62.0,11847.0,381.0,11847.0,24.0,3.0
614,,,,7259.0,991.0,411.0,1237.0,109453.0,14393.0,109453.0,12.0,114.0
621,,,,8453.0,728.0,403.0,391.0,20181.0,6623.0,20181.0,41.0,51.0
629,,,,6989.0,80.0,183.0,154.0,22581.0,1859.0,22581.0,7.0,18.0
634,,,,7817.0,117.0,148.0,117.0,9282.0,6093.0,9282.0,25.0,38.0
639,,,,7937.0,338.0,1073.0,338.0,35849.0,27722.0,35849.0,39.0,194.0
644,,,,8121.0,970.0,229.0,662.0,72367.0,4190.0,72367.0,10.0,19.0
646,,,,7504.0,162.0,269.0,96.0,37429.0,7277.0,37429.0,15.0,43.0
648,,,,6810.0,34.0,336.0,143.0,36350.0,166.0,36350.0,8.0,1.0
658,,,,648.0,2.0,12.0,29.0,4397.0,377.0,4397.0,0.0,1.0
674,,,,8822.0,5379.0,3353.0,1837.0,108611.0,357368.0,108611.0,137.0,728.0
676,,,,6340.0,122.0,344.0,5.0,59.0,221.0,59.0,17.0,25.0
680,,,,7205.0,67.0,118.0,90.0,7481.0,1096.0,7481.0,1.0,4.0
695,,,,7160.0,481.0,457.0,692.0,102816.0,2594.0,102816.0,13.0,18.0
697,,,,1860.0,3.0,3.0,13.0,110.0,100332.0,110.0,0.0,666.0
706,,,,6212.0,517.0,230.0,347.0,56834.0,786.0,56834.0,21.0,7.0
711,,,,8842.0,1116.0,29.0,7.0,81.0,152650.0,81.0,0.0,676.0
716,,,,7069.0,177.0,189.0,371.0,21433.0,4170.0,21433.0,7.0,41.0
717,,,,2654.0,8.0,38.0,67.0,23913.0,1893.0,23913.0,1.0,15.0
724,,,,7299.0,23.0,92.0,120.0,9715.0,1542.0,9715.0,1.0,5.0
727,,,,6362.0,11.0,2.0,5.0,48.0,5476.0,48.0,0.0,519.0
734,,,,1609.0,1.0,17.0,1.0,34.0,1067.0,34.0,1.0,2.0
740,,,,7794.0,586.0,389.0,511.0,8573.0,7006.0,8573.0,17.0,66.0
743,,,,744.0,269.0,9.0,363.0,14834.0,1157.0,14834.0,0.0,1.0
